Efficiencies for file,,,,C1,C2,C3,C4,A,T1,DI,DL,Error
N:\EffCalCurrent\South sm vl 0.5ml 25cm.ANH,,,,-20.2569,10.2872,-1.65505,0.0866563,0.00347696,1000,1.39,700,0.00458934

 
Energy, Efficiency, MuWin, MuGe 
40,-0.0151349,1.46495,32.2088
41,-0.000747552,32.2088,30.036
42,-0.000975748,30.036,28.0582
43,-0.00122868,28.0582,26.254
44,-0.00149664,26.254,24.6049
45,-0.00176717,24.6049,23.0947
46,-0.00202561,23.0947,21.709
47,-0.00225583,21.709,20.4353
48,-0.00244091,20.4353,19.2625
49,-0.00256386,19.2625,18.181
50,-0.00260827,18.181,17.1819
51,-0.00255883,17.1819,16.2577
52,-0.00240182,16.2577,15.4014
53,-0.00212533,15.4014,14.607
54,-0.00171954,14.607,13.8688
55,-0.00117677,13.8688,13.1822
56,-0.000491498,13.1822,12.5426
57,0.000339694,12.5426,11.9461
58,0.00131826,11.9461,11.3891
59,0.00244386,11.3891,10.8684
60,0.00371449,10.8684,10.3811
61,0.00512676,10.3811,9.92456
62,0.00667606,9.92456,9.49638
63,0.00835673,9.49638,9.09441
64,0.0101623,9.09441,8.71665
65,0.0120857,8.71665,8.36131
66,0.0141194,8.36131,8.02675
67,0.0162554,8.02675,7.71146
68,0.0184856,7.71146,7.41408
69,0.0208018,7.41408,7.13334
70,0.0231959,7.13334,6.8681
71,0.0256596,6.8681,6.61729
72,0.0281851,6.61729,6.37995
73,0.0307645,6.37995,6.15517
74,0.0333904,6.15517,5.94213
75,0.0360554,5.94213,5.74007
76,0.0387527,5.74007,5.54829
77,0.0414754,5.54829,5.36614
78,0.0442174,5.36614,5.19302
79,0.0469724,5.19302,5.02836
80,0.0497348,5.02836,4.87166
81,0.0524992,4.87166,4.72244
82,0.0552605,4.72244,4.58025
83,0.0580137,4.58025,4.44467
84,0.0607545,4.44467,4.31534
85,0.0634785,4.31534,4.19187
86,0.0661819,4.19187,4.07395
87,0.0688608,4.07395,3.96126
88,0.071512,3.96126,3.85351
89,0.0741321,3.85351,3.75043
90,0.0767184,3.75043,3.65177
91,0.079268,3.65177,3.55729
92,0.0817785,3.55729,3.46676
93,0.0842478,3.46676,3.37998
94,0.0866736,3.37998,3.29676
95,0.0890543,3.29676,3.2169
96,0.0913882,3.2169,3.14025
97,0.0936739,3.14025,3.06663
98,0.0959101,3.06663,2.9959
99,0.0980957,2.9959,2.92791
100,0.10023,2.92791,2.86253
101,0.102312,2.86253,2.79964
102,0.104341,2.79964,2.73911
103,0.106317,2.73911,2.68082
104,0.10824,2.68082,2.62469
105,0.110108,2.62469,2.57059
106,0.111923,2.57059,2.51845
107,0.113684,2.51845,2.46817
108,0.115392,2.46817,2.41967
109,0.117046,2.41967,2.37286
110,0.118648,2.37286,2.32768
111,0.120197,2.32768,2.28405
112,0.121693,2.28405,2.24189
113,0.123139,2.24189,2.20116
114,0.124534,2.20116,2.16178
115,0.125878,2.16178,2.1237
116,0.127173,2.1237,2.08687
117,0.12842,2.08687,2.05123
118,0.129619,2.05123,2.01673
119,0.130771,2.01673,1.98333
120,0.131878,1.98333,1.95098
121,0.132939,1.95098,1.91964
122,0.133956,1.91964,1.88926
123,0.134931,1.88926,1.85982
124,0.135863,1.85982,1.83127
125,0.136754,1.83127,1.80358
126,0.137605,1.80358,1.77671
127,0.138417,1.77671,1.75064
128,0.139191,1.75064,1.72532
129,0.139928,1.72532,1.70075
130,0.140628,1.70075,1.67687
131,0.141294,1.67687,1.65368
132,0.141926,1.65368,1.63115
133,0.142524,1.63115,1.60924
134,0.143091,1.60924,1.58794
135,0.143626,1.58794,1.56723
136,0.144131,1.56723,1.54708
137,0.144606,1.54708,1.52748
138,0.145054,1.52748,1.5084
139,0.145473,1.5084,1.48983
140,0.145866,1.48983,1.47175
141,0.146234,1.47175,1.45414
142,0.146576,1.45414,1.43699
143,0.146894,1.43699,1.42028
144,0.147189,1.42028,1.40399
145,0.147461,1.40399,1.38812
146,0.147712,1.38812,1.37264
147,0.147941,1.37264,1.35755
148,0.148151,1.35755,1.34283
149,0.14834,1.34283,1.32846
150,0.148511,1.32846,1.31445
151,0.148664,1.31445,1.30078
152,0.148799,1.30078,1.28743
153,0.148916,1.28743,1.27439
154,0.149018,1.27439,1.26166
155,0.149104,1.26166,1.24923
156,0.149175,1.24923,1.23709
157,0.149231,1.23709,1.22522
158,0.149273,1.22522,1.21362
159,0.149301,1.21362,1.20229
160,0.149317,1.20229,1.19121
161,0.149319,1.19121,1.18037
162,0.14931,1.18037,1.16977
163,0.149289,1.16977,1.15941
164,0.149257,1.15941,1.14926
165,0.149214,1.14926,1.13934
166,0.149161,1.13934,1.12963
167,0.149098,1.12963,1.12012
168,0.149026,1.12012,1.11082
169,0.148944,1.11082,1.1017
170,0.148854,1.1017,1.09278
171,0.148755,1.09278,1.08404
172,0.148648,1.08404,1.07547
173,0.148533,1.07547,1.06708
174,0.148411,1.06708,1.05886
175,0.148281,1.05886,1.0508
176,0.148145,1.0508,1.04291
177,0.148002,1.04291,1.03516
178,0.147853,1.03516,1.02757
179,0.147698,1.02757,1.02012
180,0.147537,1.02012,1.01282
181,0.14737,1.01282,1.00565
182,0.147198,1.00565,0.998622
183,0.147021,0.998622,0.991723
184,0.146839,0.991723,0.984953
185,0.146653,0.984953,0.978309
186,0.146462,0.978309,0.971785
187,0.146267,0.971785,0.965381
188,0.146068,0.965381,0.959092
189,0.145864,0.959092,0.952916
190,0.145658,0.952916,0.94685
191,0.145447,0.94685,0.940891
192,0.145233,0.940891,0.935036
193,0.145016,0.935036,0.929283
194,0.144796,0.929283,0.92363
195,0.144573,0.92363,0.918073
196,0.144348,0.918073,0.912612
197,0.144119,0.912612,0.907242
198,0.143888,0.907242,0.901963
199,0.143655,0.901963,0.896772
200,0.143419,0.896772,0.891666
201,0.143182,0.891666,0.886644
202,0.142942,0.886644,0.881705
203,0.1427,0.881705,0.876845
204,0.142456,0.876845,0.872063
205,0.142211,0.872063,0.867358
206,0.141964,0.867358,0.862727
207,0.141716,0.862727,0.858169
208,0.141466,0.858169,0.853683
209,0.141214,0.853683,0.849265
210,0.140962,0.849265,0.844916
211,0.140708,0.844916,0.840634
212,0.140453,0.840634,0.836416
213,0.140197,0.836416,0.832263
214,0.13994,0.832263,0.828171
215,0.139682,0.828171,0.82414
216,0.139423,0.82414,0.820169
217,0.139163,0.820169,0.816256
218,0.138903,0.816256,0.8124
219,0.138642,0.8124,0.8086
220,0.13838,0.8086,0.804854
221,0.138118,0.804854,0.801162
222,0.137855,0.801162,0.797522
223,0.137592,0.797522,0.793933
224,0.137328,0.793933,0.790395
225,0.137064,0.790395,0.786905
226,0.136799,0.786905,0.783464
227,0.136535,0.783464,0.78007
228,0.13627,0.78007,0.776722
229,0.136005,0.776722,0.773419
230,0.135739,0.773419,0.770161
231,0.135474,0.770161,0.766945
232,0.135208,0.766945,0.763773
233,0.134943,0.763773,0.760642
234,0.134677,0.760642,0.757552
235,0.134411,0.757552,0.754502
236,0.134146,0.754502,0.751491
237,0.13388,0.751491,0.748519
238,0.133614,0.748519,0.745585
239,0.133349,0.745585,0.742688
240,0.133084,0.742688,0.739827
241,0.132819,0.739827,0.737002
242,0.132554,0.737002,0.734211
243,0.132289,0.734211,0.731455
244,0.132024,0.731455,0.728733
245,0.13176,0.728733,0.726044
246,0.131496,0.726044,0.723387
247,0.131232,0.723387,0.720762
248,0.130969,0.720762,0.718168
249,0.130705,0.718168,0.715605
250,0.130442,0.715605,0.713071
251,0.13018,0.713071,0.710568
252,0.129918,0.710568,0.708093
253,0.129656,0.708093,0.705647
254,0.129395,0.705647,0.703229
255,0.129134,0.703229,0.700839
256,0.128873,0.700839,0.698475
257,0.128613,0.698475,0.696138
258,0.128353,0.696138,0.693827
259,0.128094,0.693827,0.691542
260,0.127835,0.691542,0.689282
261,0.127577,0.689282,0.687046
262,0.127319,0.687046,0.684835
263,0.127062,0.684835,0.682648
264,0.126805,0.682648,0.680484
265,0.126549,0.680484,0.678343
266,0.126293,0.678343,0.676225
267,0.126038,0.676225,0.674129
268,0.125783,0.674129,0.672055
269,0.125529,0.672055,0.670003
270,0.125275,0.670003,0.667972
271,0.125022,0.667972,0.665962
272,0.12477,0.665962,0.663972
273,0.124518,0.663972,0.662003
274,0.124266,0.662003,0.660053
275,0.124016,0.660053,0.658123
276,0.123765,0.658123,0.656212
277,0.123516,0.656212,0.65432
278,0.123267,0.65432,0.652447
279,0.123018,0.652447,0.650592
280,0.12277,0.650592,0.648755
281,0.122523,0.648755,0.646935
282,0.122276,0.646935,0.645133
283,0.12203,0.645133,0.643349
284,0.121785,0.643349,0.641581
285,0.12154,0.641581,0.63983
286,0.121296,0.63983,0.638095
287,0.121052,0.638095,0.636377
288,0.120809,0.636377,0.634674
289,0.120567,0.634674,0.632987
290,0.120325,0.632987,0.631316
291,0.120084,0.631316,0.629659
292,0.119844,0.629659,0.628018
293,0.119604,0.628018,0.626391
294,0.119365,0.626391,0.624779
295,0.119126,0.624779,0.623182
296,0.118888,0.623182,0.621598
297,0.118651,0.621598,0.620028
298,0.118414,0.620028,0.618472
299,0.118178,0.618472,0.616929
300,0.117943,0.616929,0.6154
301,0.117708,0.6154,0.613884
302,0.117474,0.613884,0.612381
303,0.11724,0.612381,0.61089
304,0.117008,0.61089,0.609412
305,0.116775,0.609412,0.607947
306,0.116544,0.607947,0.606493
307,0.116313,0.606493,0.605052
308,0.116083,0.605052,0.603622
309,0.115853,0.603622,0.602204
310,0.115624,0.602204,0.600798
311,0.115396,0.600798,0.599403
312,0.115168,0.599403,0.59802
313,0.114941,0.59802,0.596647
314,0.114714,0.596647,0.595285
315,0.114489,0.595285,0.593935
316,0.114263,0.593935,0.592594
317,0.114039,0.592594,0.591265
318,0.113815,0.591265,0.589945
319,0.113592,0.589945,0.588636
320,0.113369,0.588636,0.587337
321,0.113147,0.587337,0.586048
322,0.112926,0.586048,0.584768
323,0.112705,0.584768,0.583498
324,0.112485,0.583498,0.582238
325,0.112265,0.582238,0.580988
326,0.112047,0.580988,0.579746
327,0.111828,0.579746,0.578514
328,0.111611,0.578514,0.577291
329,0.111394,0.577291,0.576077
330,0.111178,0.576077,0.574871
331,0.110962,0.574871,0.573675
332,0.110747,0.573675,0.572487
333,0.110532,0.572487,0.571307
334,0.110318,0.571307,0.570136
335,0.110105,0.570136,0.568973
336,0.109893,0.568973,0.567819
337,0.109681,0.567819,0.566672
338,0.109469,0.566672,0.565534
339,0.109258,0.565534,0.564403
340,0.109048,0.564403,0.563281
341,0.108839,0.563281,0.562166
342,0.10863,0.562166,0.561058
343,0.108421,0.561058,0.559958
344,0.108214,0.559958,0.558866
345,0.108006,0.558866,0.557781
346,0.1078,0.557781,0.556703
347,0.107594,0.556703,0.555632
348,0.107389,0.555632,0.554569
349,0.107184,0.554569,0.553512
350,0.10698,0.553512,0.552463
351,0.106776,0.552463,0.55142
352,0.106573,0.55142,0.550384
353,0.106371,0.550384,0.549355
354,0.106169,0.549355,0.548332
355,0.105968,0.548332,0.547316
356,0.105767,0.547316,0.546306
357,0.105567,0.546306,0.545303
358,0.105368,0.545303,0.544306
359,0.105169,0.544306,0.543315
360,0.10497,0.543315,0.542331
361,0.104773,0.542331,0.541353
362,0.104575,0.541353,0.54038
363,0.104379,0.54038,0.539414
364,0.104183,0.539414,0.538453
365,0.103987,0.538453,0.537499
366,0.103793,0.537499,0.53655
367,0.103598,0.53655,0.535607
368,0.103404,0.535607,0.534669
369,0.103211,0.534669,0.533737
370,0.103019,0.533737,0.532811
371,0.102827,0.532811,0.53189
372,0.102635,0.53189,0.530975
373,0.102444,0.530975,0.530065
374,0.102254,0.530065,0.52916
375,0.102064,0.52916,0.52826
376,0.101875,0.52826,0.527366
377,0.101686,0.527366,0.526477
378,0.101498,0.526477,0.525593
379,0.10131,0.525593,0.524714
380,0.101123,0.524714,0.52384
381,0.100936,0.52384,0.52297
382,0.10075,0.52297,0.522106
383,0.100565,0.522106,0.521247
384,0.10038,0.521247,0.520392
385,0.100195,0.520392,0.519542
386,0.100011,0.519542,0.518697
387,0.099828,0.518697,0.517856
388,0.0996452,0.517856,0.51702
389,0.0994629,0.51702,0.516189
390,0.0992811,0.516189,0.515362
391,0.0990998,0.515362,0.514539
392,0.0989191,0.514539,0.513721
393,0.0987388,0.513721,0.512907
394,0.0985591,0.512907,0.512098
395,0.0983799,0.512098,0.511293
396,0.0982013,0.511293,0.510492
397,0.0980231,0.510492,0.509695
398,0.0978455,0.509695,0.508902
399,0.0976683,0.508902,0.508114
400,0.0974917,0.508114,0.50733
401,0.0973156,0.50733,0.506549
402,0.09714,0.506549,0.505773
403,0.0969648,0.505773,0.505001
404,0.0967902,0.505001,0.504232
405,0.0966161,0.504232,0.503468
406,0.0964425,0.503468,0.502707
407,0.0962694,0.502707,0.50195
408,0.0960968,0.50195,0.501197
409,0.0959246,0.501197,0.500448
410,0.095753,0.500448,0.499702
411,0.0955818,0.499702,0.49896
412,0.0954112,0.49896,0.498222
413,0.095241,0.498222,0.497487
414,0.0950713,0.497487,0.496756
415,0.0949021,0.496756,0.496029
416,0.0947334,0.496029,0.495305
417,0.0945651,0.495305,0.494584
418,0.0943974,0.494584,0.493867
419,0.0942301,0.493867,0.493153
420,0.0940632,0.493153,0.492443
421,0.0938969,0.492443,0.491736
422,0.093731,0.491736,0.491033
423,0.0935656,0.491033,0.490332
424,0.0934007,0.490332,0.489635
425,0.0932362,0.489635,0.488942
426,0.0930722,0.488942,0.488251
427,0.0929087,0.488251,0.487564
428,0.0927456,0.487564,0.48688
429,0.092583,0.48688,0.486199
430,0.0924209,0.486199,0.485521
431,0.0922592,0.485521,0.484846
432,0.0920979,0.484846,0.484174
433,0.0919371,0.484174,0.483505
434,0.0917768,0.483505,0.48284
435,0.0916169,0.48284,0.482177
436,0.0914575,0.482177,0.481517
437,0.0912985,0.481517,0.48086
438,0.09114,0.48086,0.480206
439,0.0909819,0.480206,0.479555
440,0.0908242,0.479555,0.478907
441,0.090667,0.478907,0.478261
442,0.0905103,0.478261,0.477619
443,0.090354,0.477619,0.476979
444,0.0901981,0.476979,0.476342
445,0.0900426,0.476342,0.475708
446,0.0898876,0.475708,0.475076
447,0.089733,0.475076,0.474447
448,0.0895789,0.474447,0.473821
449,0.0894252,0.473821,0.473198
450,0.0892719,0.473198,0.472577
451,0.089119,0.472577,0.471958
452,0.0889666,0.471958,0.471343
453,0.0888146,0.471343,0.470729
454,0.088663,0.470729,0.470119
455,0.0885118,0.470119,0.469511
456,0.0883611,0.469511,0.468905
457,0.0882108,0.468905,0.468302
458,0.0880609,0.468302,0.467702
459,0.0879114,0.467702,0.467104
460,0.0877623,0.467104,0.466508
461,0.0876136,0.466508,0.465915
462,0.0874654,0.465915,0.465324
463,0.0873176,0.465324,0.464735
464,0.0871701,0.464735,0.464149
465,0.0870231,0.464149,0.463565
466,0.0868765,0.463565,0.462984
467,0.0867303,0.462984,0.462405
468,0.0865845,0.462405,0.461828
469,0.0864391,0.461828,0.461254
470,0.0862941,0.461254,0.460681
471,0.0861495,0.460681,0.460111
472,0.0860053,0.460111,0.459543
473,0.0858615,0.459543,0.458978
474,0.0857181,0.458978,0.458414
475,0.0855751,0.458414,0.457853
476,0.0854325,0.457853,0.457294
477,0.0852902,0.457294,0.456737
478,0.0851484,0.456737,0.456182
479,0.085007,0.456182,0.455629
480,0.0848659,0.455629,0.455079
481,0.0847252,0.455079,0.45453
482,0.0845849,0.45453,0.453984
483,0.084445,0.453984,0.453439
484,0.0843055,0.453439,0.452897
485,0.0841664,0.452897,0.452357
486,0.0840276,0.452357,0.451818
487,0.0838893,0.451818,0.451282
488,0.0837513,0.451282,0.450748
489,0.0836136,0.450748,0.450215
490,0.0834764,0.450215,0.449685
491,0.0833395,0.449685,0.449156
492,0.083203,0.449156,0.44863
493,0.0830669,0.44863,0.448105
494,0.0829312,0.448105,0.447582
495,0.0827958,0.447582,0.447062
496,0.0826608,0.447062,0.446543
497,0.0825261,0.446543,0.446025
498,0.0823918,0.446025,0.44551
499,0.0822579,0.44551,0.444997
500,0.0821244,0.444997,0.444485
501,0.0819912,0.444485,0.443975
502,0.0818583,0.443975,0.443467
503,0.0817259,0.443467,0.442961
504,0.0815937,0.442961,0.442457
505,0.081462,0.442457,0.441954
506,0.0813306,0.441954,0.441453
507,0.0811995,0.441453,0.440954
508,0.0810689,0.440954,0.440457
509,0.0809385,0.440457,0.439961
510,0.0808085,0.439961,0.439467
511,0.0806789,0.439467,0.438975
512,0.0805496,0.438975,0.438484
513,0.0804207,0.438484,0.437995
514,0.0802921,0.437995,0.437508
515,0.0801639,0.437508,0.437022
516,0.080036,0.437022,0.436538
517,0.0799084,0.436538,0.436056
518,0.0797812,0.436056,0.435575
519,0.0796543,0.435575,0.435096
520,0.0795278,0.435096,0.434618
521,0.0794016,0.434618,0.434143
522,0.0792758,0.434143,0.433668
523,0.0791503,0.433668,0.433195
524,0.0790251,0.433195,0.432724
525,0.0789002,0.432724,0.432255
526,0.0787757,0.432255,0.431786
527,0.0786516,0.431786,0.43132
528,0.0785277,0.43132,0.430855
529,0.0784042,0.430855,0.430391
530,0.078281,0.430391,0.429929
531,0.0781582,0.429929,0.429469
532,0.0780357,0.429469,0.42901
533,0.0779135,0.42901,0.428552
534,0.0777916,0.428552,0.428096
535,0.07767,0.428096,0.427641
536,0.0775488,0.427641,0.427188
537,0.0774279,0.427188,0.426736
538,0.0773073,0.426736,0.426286
539,0.0771871,0.426286,0.425837
540,0.0770671,0.425837,0.425389
541,0.0769475,0.425389,0.424943
542,0.0768282,0.424943,0.424499
543,0.0767092,0.424499,0.424055
544,0.0765906,0.424055,0.423613
545,0.0764722,0.423613,0.423173
546,0.0763542,0.423173,0.422734
547,0.0762364,0.422734,0.422296
548,0.076119,0.422296,0.421859
549,0.0760019,0.421859,0.421424
550,0.0758851,0.421424,0.420991
551,0.0757686,0.420991,0.420558
552,0.0756524,0.420558,0.420127
553,0.0755366,0.420127,0.419697
554,0.075421,0.419697,0.419269
555,0.0753057,0.419269,0.418841
556,0.0751908,0.418841,0.418415
557,0.0750761,0.418415,0.417991
558,0.0749618,0.417991,0.417567
559,0.0748477,0.417567,0.417145
560,0.0747339,0.417145,0.416724
561,0.0746205,0.416724,0.416305
562,0.0745073,0.416305,0.415886
563,0.0743945,0.415886,0.415469
564,0.0742819,0.415469,0.415053
565,0.0741696,0.415053,0.414639
566,0.0740577,0.414639,0.414225
567,0.073946,0.414225,0.413813
568,0.0738346,0.413813,0.413402
569,0.0737235,0.413402,0.412992
570,0.0736127,0.412992,0.412584
571,0.0735022,0.412584,0.412176
572,0.073392,0.412176,0.41177
573,0.073282,0.41177,0.411365
574,0.0731724,0.411365,0.410961
575,0.073063,0.410961,0.410558
576,0.0729539,0.410558,0.410157
577,0.0728451,0.410157,0.409756
578,0.0727366,0.409756,0.409357
579,0.0726284,0.409357,0.408959
580,0.0725204,0.408959,0.408561
581,0.0724128,0.408561,0.408166
582,0.0723054,0.408166,0.407771
583,0.0721983,0.407771,0.407377
584,0.0720915,0.407377,0.406984
585,0.0719849,0.406984,0.406593
586,0.0718786,0.406593,0.406203
587,0.0717726,0.406203,0.405813
588,0.0716669,0.405813,0.405425
589,0.0715615,0.405425,0.405038
590,0.0714563,0.405038,0.404652
591,0.0713514,0.404652,0.404267
592,0.0712468,0.404267,0.403883
593,0.0711424,0.403883,0.4035
594,0.0710383,0.4035,0.403118
595,0.0709345,0.403118,0.402737
596,0.070831,0.402737,0.402357
597,0.0707277,0.402357,0.401979
598,0.0706247,0.401979,0.401601
599,0.0705219,0.401601,0.401224
600,0.0704194,0.401224,0.400849
601,0.0703172,0.400849,0.400474
602,0.0702153,0.400474,0.4001
603,0.0701136,0.4001,0.399728
604,0.0700121,0.399728,0.399356
605,0.069911,0.399356,0.398985
606,0.0698101,0.398985,0.398616
607,0.0697094,0.398616,0.398247
608,0.069609,0.398247,0.397879
609,0.0695089,0.397879,0.397513
610,0.069409,0.397513,0.397147
611,0.0693094,0.397147,0.396782
612,0.06921,0.396782,0.396418
613,0.0691109,0.396418,0.396055
614,0.0690121,0.396055,0.395693
615,0.0689135,0.395693,0.395332
616,0.0688151,0.395332,0.394972
617,0.068717,0.394972,0.394613
618,0.0686192,0.394613,0.394255
619,0.0685216,0.394255,0.393898
620,0.0684242,0.393898,0.393541
621,0.0683271,0.393541,0.393186
622,0.0682303,0.393186,0.392831
623,0.0681337,0.392831,0.392478
624,0.0680373,0.392478,0.392125
625,0.0679412,0.392125,0.391773
626,0.0678454,0.391773,0.391422
627,0.0677497,0.391422,0.391072
628,0.0676544,0.391072,0.390723
629,0.0675592,0.390723,0.390375
630,0.0674644,0.390375,0.390028
631,0.0673697,0.390028,0.389681
632,0.0672753,0.389681,0.389336
633,0.0671811,0.389336,0.388991
634,0.0670872,0.388991,0.388647
635,0.0669935,0.388647,0.388304
636,0.0669001,0.388304,0.387962
637,0.0668069,0.387962,0.38762
638,0.0667139,0.38762,0.38728
639,0.0666212,0.38728,0.38694
640,0.0665287,0.38694,0.386602
641,0.0664364,0.386602,0.386264
642,0.0663443,0.386264,0.385926
643,0.0662525,0.385926,0.38559
644,0.066161,0.38559,0.385255
645,0.0660696,0.385255,0.38492
646,0.0659785,0.38492,0.384586
647,0.0658877,0.384586,0.384253
648,0.065797,0.384253,0.383921
649,0.0657066,0.383921,0.38359
650,0.0656164,0.38359,0.383259
651,0.0655264,0.383259,0.382929
652,0.0654367,0.382929,0.3826
653,0.0653472,0.3826,0.382272
654,0.0652579,0.382272,0.381945
655,0.0651689,0.381945,0.381618
656,0.06508,0.381618,0.381292
657,0.0649914,0.381292,0.380967
658,0.0649031,0.380967,0.380643
659,0.0648149,0.380643,0.380319
660,0.0647269,0.380319,0.379996
661,0.0646392,0.379996,0.379674
662,0.0645517,0.379674,0.379353
663,0.0644645,0.379353,0.379033
664,0.0643774,0.379033,0.378713
665,0.0642906,0.378713,0.378394
666,0.0642039,0.378394,0.378076
667,0.0641175,0.378076,0.377758
668,0.0640313,0.377758,0.377441
669,0.0639454,0.377441,0.377125
670,0.0638596,0.377125,0.37681
671,0.0637741,0.37681,0.376495
672,0.0636887,0.376495,0.376182
673,0.0636036,0.376182,0.375869
674,0.0635187,0.375869,0.375556
675,0.063434,0.375556,0.375245
676,0.0633496,0.375245,0.374934
677,0.0632653,0.374934,0.374623
678,0.0631813,0.374623,0.374314
679,0.0630974,0.374314,0.374005
680,0.0630138,0.374005,0.373697
681,0.0629304,0.373697,0.37339
682,0.0628471,0.37339,0.373083
683,0.0627641,0.373083,0.372777
684,0.0626813,0.372777,0.372472
685,0.0625987,0.372472,0.372167
686,0.0625163,0.372167,0.371863
687,0.0624341,0.371863,0.37156
688,0.0623522,0.37156,0.371257
689,0.0622704,0.371257,0.370955
690,0.0621888,0.370955,0.370654
691,0.0621074,0.370654,0.370353
692,0.0620263,0.370353,0.370054
693,0.0619453,0.370054,0.369754
694,0.0618645,0.369754,0.369456
695,0.061784,0.369456,0.369158
696,0.0617036,0.369158,0.368861
697,0.0616235,0.368861,0.368564
698,0.0615435,0.368564,0.368268
699,0.0614637,0.368268,0.367973
700,0.0613842,0.367973,0.367678
701,0.0613048,0.367678,0.367384
702,0.0612256,0.367384,0.367091
703,0.0611466,0.367091,0.366798
704,0.0610678,0.366798,0.366506
705,0.0609893,0.366506,0.366215
706,0.0609109,0.366215,0.365924
707,0.0608327,0.365924,0.365634
708,0.0607547,0.365634,0.365345
709,0.0606768,0.365345,0.365056
710,0.0605992,0.365056,0.364767
711,0.0605218,0.364767,0.36448
712,0.0604445,0.36448,0.364193
713,0.0603675,0.364193,0.363906
714,0.0602906,0.363906,0.363621
715,0.060214,0.363621,0.363335
716,0.0601375,0.363335,0.363051
717,0.0600612,0.363051,0.362767
718,0.0599851,0.362767,0.362483
719,0.0599092,0.362483,0.362201
720,0.0598334,0.362201,0.361919
721,0.0597579,0.361919,0.361637
722,0.0596826,0.361637,0.361356
723,0.0596074,0.361356,0.361076
724,0.0595324,0.361076,0.360796
725,0.0594576,0.360796,0.360517
726,0.059383,0.360517,0.360238
727,0.0593085,0.360238,0.35996
728,0.0592343,0.35996,0.359683
729,0.0591602,0.359683,0.359406
730,0.0590863,0.359406,0.359129
731,0.0590126,0.359129,0.358854
732,0.0589391,0.358854,0.358579
733,0.0588657,0.358579,0.358304
734,0.0587926,0.358304,0.35803
735,0.0587196,0.35803,0.357757
736,0.0586468,0.357757,0.357484
737,0.0585742,0.357484,0.357211
738,0.0585017,0.357211,0.35694
739,0.0584294,0.35694,0.356668
740,0.0583573,0.356668,0.356398
741,0.0582854,0.356398,0.356128
742,0.0582137,0.356128,0.355858
743,0.0581421,0.355858,0.355589
744,0.0580707,0.355589,0.355321
745,0.0579995,0.355321,0.355053
746,0.0579284,0.355053,0.354786
747,0.0578576,0.354786,0.354519
748,0.0577869,0.354519,0.354253
749,0.0577163,0.354253,0.353987
750,0.057646,0.353987,0.353722
751,0.0575758,0.353722,0.353457
752,0.0575058,0.353457,0.353193
753,0.0574359,0.353193,0.352929
754,0.0573663,0.352929,0.352666
755,0.0572968,0.352666,0.352404
756,0.0572274,0.352404,0.352142
757,0.0571583,0.352142,0.35188
758,0.0570893,0.35188,0.351619
759,0.0570204,0.351619,0.351359
760,0.0569518,0.351359,0.351099
761,0.0568833,0.351099,0.350839
762,0.056815,0.350839,0.35058
763,0.0567468,0.35058,0.350322
764,0.0566788,0.350322,0.350064
765,0.056611,0.350064,0.349807
766,0.0565433,0.349807,0.34955
767,0.0564758,0.34955,0.349294
768,0.0564085,0.349294,0.349038
769,0.0563413,0.349038,0.348782
770,0.0562743,0.348782,0.348528
771,0.0562074,0.348528,0.348273
772,0.0561407,0.348273,0.348019
773,0.0560742,0.348019,0.347766
774,0.0560078,0.347766,0.347513
775,0.0559416,0.347513,0.347261
776,0.0558756,0.347261,0.347009
777,0.0558097,0.347009,0.346757
778,0.055744,0.346757,0.346506
779,0.0556784,0.346506,0.346256
780,0.055613,0.346256,0.346006
781,0.0555477,0.346006,0.345757
782,0.0554826,0.345757,0.345508
783,0.0554177,0.345508,0.345259
784,0.0553529,0.345259,0.345011
785,0.0552883,0.345011,0.344763
786,0.0552238,0.344763,0.344516
787,0.0551595,0.344516,0.34427
788,0.0550954,0.34427,0.344023
789,0.0550314,0.344023,0.343778
790,0.0549675,0.343778,0.343532
791,0.0549038,0.343532,0.343288
792,0.0548403,0.343288,0.343043
793,0.0547769,0.343043,0.3428
794,0.0547137,0.3428,0.342556
795,0.0546506,0.342556,0.342313
796,0.0545877,0.342313,0.342071
797,0.0545249,0.342071,0.341829
798,0.0544623,0.341829,0.341587
799,0.0543998,0.341587,0.341346
800,0.0543375,0.341346,0.341105
801,0.0542753,0.341105,0.340865
802,0.0542133,0.340865,0.340625
803,0.0541514,0.340625,0.340386
804,0.0540896,0.340386,0.340147
805,0.0540281,0.340147,0.339909
806,0.0539666,0.339909,0.339671
807,0.0539053,0.339671,0.339433
808,0.0538442,0.339433,0.339196
809,0.0537832,0.339196,0.338959
810,0.0537224,0.338959,0.338723
811,0.0536617,0.338723,0.338487
812,0.0536011,0.338487,0.338252
813,0.0535407,0.338252,0.338017
814,0.0534804,0.338017,0.337783
815,0.0534203,0.337783,0.337549
816,0.0533603,0.337549,0.337315
817,0.0533005,0.337315,0.337082
818,0.0532408,0.337082,0.336849
819,0.0531813,0.336849,0.336616
820,0.0531219,0.336616,0.336384
821,0.0530626,0.336384,0.336153
822,0.0530035,0.336153,0.335922
823,0.0529445,0.335922,0.335691
824,0.0528857,0.335691,0.335461
825,0.052827,0.335461,0.335231
826,0.0527684,0.335231,0.335002
827,0.05271,0.335002,0.334772
828,0.0526517,0.334772,0.334544
829,0.0525936,0.334544,0.334316
830,0.0525356,0.334316,0.334088
831,0.0524777,0.334088,0.33386
832,0.05242,0.33386,0.333633
833,0.0523624,0.333633,0.333407
834,0.0523049,0.333407,0.333181
835,0.0522476,0.333181,0.332955
836,0.0521905,0.332955,0.332729
837,0.0521334,0.332729,0.332504
838,0.0520765,0.332504,0.33228
839,0.0520197,0.33228,0.332056
840,0.0519631,0.332056,0.331832
841,0.0519066,0.331832,0.331608
842,0.0518502,0.331608,0.331385
843,0.051794,0.331385,0.331163
844,0.0517379,0.331163,0.330941
845,0.051682,0.330941,0.330719
846,0.0516261,0.330719,0.330497
847,0.0515704,0.330497,0.330276
848,0.0515149,0.330276,0.330056
849,0.0514594,0.330056,0.329835
850,0.0514041,0.329835,0.329615
851,0.051349,0.329615,0.329396
852,0.0512939,0.329396,0.329177
853,0.051239,0.329177,0.328958
854,0.0511842,0.328958,0.32874
855,0.0511296,0.32874,0.328522
856,0.0510751,0.328522,0.328304
857,0.0510207,0.328304,0.328087
858,0.0509664,0.328087,0.32787
859,0.0509123,0.32787,0.327653
860,0.0508583,0.327653,0.327437
861,0.0508044,0.327437,0.327221
862,0.0507507,0.327221,0.327006
863,0.0506971,0.327006,0.326791
864,0.0506436,0.326791,0.326576
865,0.0505902,0.326576,0.326362
866,0.050537,0.326362,0.326148
867,0.0504838,0.326148,0.325935
868,0.0504309,0.325935,0.325721
869,0.050378,0.325721,0.325509
870,0.0503253,0.325509,0.325296
871,0.0502726,0.325296,0.325084
872,0.0502202,0.325084,0.324872
873,0.0501678,0.324872,0.324661
874,0.0501155,0.324661,0.32445
875,0.0500634,0.32445,0.324239
876,0.0500114,0.324239,0.324029
877,0.0499596,0.324029,0.323819
878,0.0499078,0.323819,0.323609
879,0.0498562,0.323609,0.3234
880,0.0498047,0.3234,0.323191
881,0.0497533,0.323191,0.322983
882,0.049702,0.322983,0.322774
883,0.0496509,0.322774,0.322566
884,0.0495999,0.322566,0.322359
885,0.049549,0.322359,0.322152
886,0.0494982,0.322152,0.321945
887,0.0494475,0.321945,0.321738
888,0.049397,0.321738,0.321532
889,0.0493466,0.321532,0.321326
890,0.0492963,0.321326,0.321121
891,0.0492461,0.321121,0.320916
892,0.049196,0.320916,0.320711
893,0.0491461,0.320711,0.320507
894,0.0490963,0.320507,0.320303
895,0.0490465,0.320303,0.320099
896,0.0489969,0.320099,0.319895
897,0.0489475,0.319895,0.319692
898,0.0488981,0.319692,0.319489
899,0.0488489,0.319489,0.319287
900,0.0487997,0.319287,0.319085
901,0.0487507,0.319085,0.318883
902,0.0487018,0.318883,0.318682
903,0.048653,0.318682,0.318481
904,0.0486044,0.318481,0.31828
905,0.0485558,0.31828,0.318079
906,0.0485074,0.318079,0.317879
907,0.048459,0.317879,0.317679
908,0.0484108,0.317679,0.31748
909,0.0483627,0.31748,0.317281
910,0.0483147,0.317281,0.317082
911,0.0482669,0.317082,0.316883
912,0.0482191,0.316883,0.316685
913,0.0481714,0.316685,0.316487
914,0.0481239,0.316487,0.31629
915,0.0480765,0.31629,0.316092
916,0.0480292,0.316092,0.315896
917,0.047982,0.315896,0.315699
918,0.0479349,0.315699,0.315503
919,0.0478879,0.315503,0.315307
920,0.047841,0.315307,0.315111
921,0.0477942,0.315111,0.314916
922,0.0477476,0.314916,0.314721
923,0.047701,0.314721,0.314526
924,0.0476546,0.314526,0.314331
925,0.0476083,0.314331,0.314137
926,0.0475621,0.314137,0.313943
927,0.047516,0.313943,0.31375
928,0.04747,0.31375,0.313557
929,0.0474241,0.313557,0.313364
930,0.0473783,0.313364,0.313171
931,0.0473326,0.313171,0.312979
932,0.047287,0.312979,0.312787
933,0.0472416,0.312787,0.312595
934,0.0471962,0.312595,0.312404
935,0.0471509,0.312404,0.312213
936,0.0471058,0.312213,0.312022
937,0.0470608,0.312022,0.311832
938,0.0470158,0.311832,0.311641
939,0.046971,0.311641,0.311451
940,0.0469263,0.311451,0.311262
941,0.0468816,0.311262,0.311073
942,0.0468371,0.311073,0.310884
943,0.0467927,0.310884,0.310695
944,0.0467484,0.310695,0.310506
945,0.0467042,0.310506,0.310318
946,0.0466601,0.310318,0.31013
947,0.0466161,0.31013,0.309943
948,0.0465722,0.309943,0.309756
949,0.0465284,0.309756,0.309569
950,0.0464847,0.309569,0.309382
951,0.0464411,0.309382,0.309196
952,0.0463976,0.309196,0.30901
953,0.0463542,0.30901,0.308824
954,0.046311,0.308824,0.308638
955,0.0462678,0.308638,0.308453
956,0.0462247,0.308453,0.308268
957,0.0461817,0.308268,0.308083
958,0.0461388,0.308083,0.307899
959,0.046096,0.307899,0.307715
960,0.0460533,0.307715,0.307531
961,0.0460108,0.307531,0.307347
962,0.0459683,0.307347,0.307164
963,0.0459259,0.307164,0.306981
964,0.0458836,0.306981,0.306798
965,0.0458414,0.306798,0.306616
966,0.0457993,0.306616,0.306434
967,0.0457573,0.306434,0.306252
968,0.0457154,0.306252,0.30607
969,0.0456736,0.30607,0.305889
970,0.045632,0.305889,0.305708
971,0.0455903,0.305708,0.305527
972,0.0455488,0.305527,0.305347
973,0.0455074,0.305347,0.305166
974,0.0454661,0.305166,0.304986
975,0.0454249,0.304986,0.304807
976,0.0453838,0.304807,0.304627
977,0.0453428,0.304627,0.304448
978,0.0453018,0.304448,0.304269
979,0.045261,0.304269,0.304091
980,0.0452203,0.304091,0.303912
981,0.0451796,0.303912,0.303734
982,0.0451391,0.303734,0.303556
983,0.0450986,0.303556,0.303379
984,0.0450583,0.303379,0.303201
985,0.045018,0.303201,0.303024
986,0.0449778,0.303024,0.302848
987,0.0449377,0.302848,0.302671
988,0.0448978,0.302671,0.302495
989,0.0448579,0.302495,0.302319
990,0.0448181,0.302319,0.302143
991,0.0447784,0.302143,0.301968
992,0.0447387,0.301968,0.301792
993,0.0446992,0.301792,0.301618
994,0.0446598,0.301618,0.301443
995,0.0446204,0.301443,0.301268
996,0.0445812,0.301268,0.301094
997,0.044542,0.301094,0.30092
998,0.044503,0.30092,0.300747
999,0.044464,0.300747,0.300573
1000,0.0444251,0.300573,0.3004
1001,0.0443863,0.3004,0.300227
1002,0.0443476,0.300227,0.300054
1003,0.044309,0.300054,0.299882
1004,0.0442705,0.299882,0.29971
1005,0.044232,0.29971,0.299538
1006,0.0441937,0.299538,0.299366
1007,0.0441554,0.299366,0.299195
1008,0.0441173,0.299195,0.299024
1009,0.0440792,0.299024,0.298853
1010,0.0440412,0.298853,0.298682
1011,0.0440033,0.298682,0.298512
1012,0.0439655,0.298512,0.298342
1013,0.0439278,0.298342,0.298172
1014,0.0438901,0.298172,0.298002
1015,0.0438526,0.298002,0.297832
1016,0.0438151,0.297832,0.297663
1017,0.0437777,0.297663,0.297494
1018,0.0437404,0.297494,0.297326
1019,0.0437032,0.297326,0.297157
1020,0.0436661,0.297157,0.296989
1021,0.0436291,0.296989,0.296821
1022,0.0435921,0.296821,0.296653
1023,0.0435553,0.296653,0.296486
1024,0.0435185,0.296486,0.296318
1025,0.0434818,0.296318,0.296151
1026,0.0434452,0.296151,0.295985
1027,0.0434087,0.295985,0.295818
1028,0.0433722,0.295818,0.295652
1029,0.0433359,0.295652,0.295486
1030,0.0432996,0.295486,0.29532
1031,0.0432634,0.29532,0.295154
1032,0.0432273,0.295154,0.294989
1033,0.0431913,0.294989,0.294824
1034,0.0431554,0.294824,0.294659
1035,0.0431196,0.294659,0.294494
1036,0.0430838,0.294494,0.29433
1037,0.0430481,0.29433,0.294165
1038,0.0430125,0.294165,0.294001
1039,0.042977,0.294001,0.293838
1040,0.0429416,0.293838,0.293674
1041,0.0429062,0.293674,0.293511
1042,0.0428709,0.293511,0.293348
1043,0.0428357,0.293348,0.293185
1044,0.0428006,0.293185,0.293022
1045,0.0427656,0.293022,0.29286
1046,0.0427307,0.29286,0.292698
1047,0.0426958,0.292698,0.292536
1048,0.042661,0.292536,0.292374
1049,0.0426263,0.292374,0.292213
1050,0.0425917,0.292213,0.292051
1051,0.0425572,0.292051,0.29189
1052,0.0425227,0.29189,0.29173
1053,0.0424883,0.29173,0.291569
1054,0.042454,0.291569,0.291409
1055,0.0424198,0.291409,0.291249
1056,0.0423857,0.291249,0.291089
1057,0.0423516,0.291089,0.290929
1058,0.0423176,0.290929,0.290769
1059,0.0422837,0.290769,0.29061
1060,0.0422499,0.29061,0.290451
1061,0.0422161,0.290451,0.290292
1062,0.0421825,0.290292,0.290134
1063,0.0421489,0.290134,0.289975
1064,0.0421153,0.289975,0.289817
1065,0.0420819,0.289817,0.289659
1066,0.0420485,0.289659,0.289501
1067,0.0420153,0.289501,0.289344
1068,0.0419821,0.289344,0.289187
1069,0.0419489,0.289187,0.28903
1070,0.0419159,0.28903,0.288873
1071,0.0418829,0.288873,0.288716
1072,0.04185,0.288716,0.28856
1073,0.0418172,0.28856,0.288403
1074,0.0417844,0.288403,0.288247
1075,0.0417518,0.288247,0.288092
1076,0.0417192,0.288092,0.287936
1077,0.0416866,0.287936,0.287781
1078,0.0416542,0.287781,0.287625
1079,0.0416218,0.287625,0.28747
1080,0.0415895,0.28747,0.287316
1081,0.0415573,0.287316,0.287161
1082,0.0415252,0.287161,0.287007
1083,0.0414931,0.287007,0.286853
1084,0.0414611,0.286853,0.286699
1085,0.0414292,0.286699,0.286545
1086,0.0413973,0.286545,0.286391
1087,0.0413656,0.286391,0.286238
1088,0.0413339,0.286238,0.286085
1089,0.0413022,0.286085,0.285932
1090,0.0412707,0.285932,0.285779
1091,0.0412392,0.285779,0.285627
1092,0.0412078,0.285627,0.285475
1093,0.0411765,0.285475,0.285323
1094,0.0411452,0.285323,0.285171
1095,0.041114,0.285171,0.285019
1096,0.0410829,0.285019,0.284868
1097,0.0410518,0.284868,0.284716
1098,0.0410209,0.284716,0.284565
1099,0.04099,0.284565,0.284414
1100,0.0409591,0.284414,0.284264
1101,0.0409284,0.284264,0.284113
1102,0.0408977,0.284113,0.283963
1103,0.0408671,0.283963,0.283813
1104,0.0408365,0.283813,0.283663
1105,0.0408061,0.283663,0.283513
1106,0.0407756,0.283513,0.283364
1107,0.0407453,0.283364,0.283215
1108,0.040715,0.283215,0.283066
1109,0.0406849,0.283066,0.282917
1110,0.0406547,0.282917,0.282768
1111,0.0406247,0.282768,0.282619
1112,0.0405947,0.282619,0.282471
1113,0.0405648,0.282471,0.282323
1114,0.0405349,0.282323,0.282175
1115,0.0405052,0.282175,0.282027
1116,0.0404755,0.282027,0.28188
1117,0.0404458,0.28188,0.281733
1118,0.0404162,0.281733,0.281585
1119,0.0403867,0.281585,0.281438
1120,0.0403573,0.281438,0.281292
1121,0.0403279,0.281292,0.281145
1122,0.0402987,0.281145,0.280999
1123,0.0402694,0.280999,0.280853
1124,0.0402403,0.280853,0.280707
1125,0.0402112,0.280707,0.280561
1126,0.0401821,0.280561,0.280415
1127,0.0401532,0.280415,0.28027
1128,0.0401243,0.28027,0.280124
1129,0.0400955,0.280124,0.279979
1130,0.0400667,0.279979,0.279835
1131,0.040038,0.279835,0.27969
1132,0.0400094,0.27969,0.279545
1133,0.0399808,0.279545,0.279401
1134,0.0399524,0.279401,0.279257
1135,0.0399239,0.279257,0.279113
1136,0.0398956,0.279113,0.278969
1137,0.0398673,0.278969,0.278826
1138,0.0398391,0.278826,0.278682
1139,0.0398109,0.278682,0.278539
1140,0.0397828,0.278539,0.278396
1141,0.0397548,0.278396,0.278253
1142,0.0397268,0.278253,0.278111
1143,0.0396989,0.278111,0.277968
1144,0.0396711,0.277968,0.277826
1145,0.0396433,0.277826,0.277684
1146,0.0396156,0.277684,0.277542
1147,0.0395879,0.277542,0.2774
1148,0.0395604,0.2774,0.277259
1149,0.0395328,0.277259,0.277117
1150,0.0395054,0.277117,0.276976
1151,0.039478,0.276976,0.276835
1152,0.0394507,0.276835,0.276694
1153,0.0394234,0.276694,0.276553
1154,0.0393962,0.276553,0.276413
1155,0.0393691,0.276413,0.276273
1156,0.039342,0.276273,0.276132
1157,0.039315,0.276132,0.275992
1158,0.0392881,0.275992,0.275853
1159,0.0392612,0.275853,0.275713
1160,0.0392344,0.275713,0.275574
1161,0.0392076,0.275574,0.275434
1162,0.0391809,0.275434,0.275295
1163,0.0391543,0.275295,0.275156
1164,0.0391277,0.275156,0.275018
1165,0.0391012,0.275018,0.274879
1166,0.0390748,0.274879,0.274741
1167,0.0390484,0.274741,0.274603
1168,0.039022,0.274603,0.274464
1169,0.0389958,0.274464,0.274327
1170,0.0389696,0.274327,0.274189
1171,0.0389434,0.274189,0.274051
1172,0.0389174,0.274051,0.273914
1173,0.0388913,0.273914,0.273777
1174,0.0388654,0.273777,0.27364
1175,0.0388395,0.27364,0.273503
1176,0.0388136,0.273503,0.273366
1177,0.0387879,0.273366,0.27323
1178,0.0387621,0.27323,0.273094
1179,0.0387365,0.273094,0.272957
1180,0.0387109,0.272957,0.272821
1181,0.0386854,0.272821,0.272686
1182,0.0386599,0.272686,0.27255
1183,0.0386345,0.27255,0.272414
1184,0.0386091,0.272414,0.272279
1185,0.0385838,0.272279,0.272144
1186,0.0385586,0.272144,0.272009
1187,0.0385334,0.272009,0.271874
1188,0.0385082,0.271874,0.271739
1189,0.0384832,0.271739,0.271605
1190,0.0384582,0.271605,0.271471
1191,0.0384332,0.271471,0.271336
1192,0.0384083,0.271336,0.271202
1193,0.0383835,0.271202,0.271069
1194,0.0383587,0.271069,0.270935
1195,0.038334,0.270935,0.270801
1196,0.0383093,0.270801,0.270668
1197,0.0382847,0.270668,0.270535
1198,0.0382602,0.270535,0.270402
1199,0.0382357,0.270402,0.270269
1200,0.0382113,0.270269,0.270136
1201,0.0381869,0.270136,0.270004
1202,0.0381626,0.270004,0.269871
1203,0.0381383,0.269871,0.269739
1204,0.0381141,0.269739,0.269607
1205,0.03809,0.269607,0.269475
1206,0.0380659,0.269475,0.269343
1207,0.0380419,0.269343,0.269212
1208,0.0380179,0.269212,0.26908
1209,0.037994,0.26908,0.268949
1210,0.0379701,0.268949,0.268818
1211,0.0379463,0.268818,0.268687
1212,0.0379225,0.268687,0.268556
1213,0.0378988,0.268556,0.268426
1214,0.0378752,0.268426,0.268295
1215,0.0378516,0.268295,0.268165
1216,0.0378281,0.268165,0.268035
1217,0.0378046,0.268035,0.267905
1218,0.0377812,0.267905,0.267775
1219,0.0377578,0.267775,0.267645
1220,0.0377345,0.267645,0.267516
1221,0.0377112,0.267516,0.267386
1222,0.037688,0.267386,0.267257
1223,0.0376649,0.267257,0.267128
1224,0.0376418,0.267128,0.266999
1225,0.0376187,0.266999,0.26687
1226,0.0375958,0.26687,0.266742
1227,0.0375728,0.266742,0.266613
1228,0.0375499,0.266613,0.266485
1229,0.0375271,0.266485,0.266357
1230,0.0375043,0.266357,0.266229
1231,0.0374816,0.266229,0.266101
1232,0.037459,0.266101,0.265973
1233,0.0374363,0.265973,0.265846
1234,0.0374138,0.265846,0.265718
1235,0.0373913,0.265718,0.265591
1236,0.0373688,0.265591,0.265464
1237,0.0373464,0.265464,0.265337
1238,0.0373241,0.265337,0.26521
1239,0.0373018,0.26521,0.265084
1240,0.0372795,0.265084,0.264957
1241,0.0372574,0.264957,0.264831
1242,0.0372352,0.264831,0.264705
1243,0.0372131,0.264705,0.264579
1244,0.0371911,0.264579,0.264453
1245,0.0371691,0.264453,0.264327
1246,0.0371472,0.264327,0.264201
1247,0.0371253,0.264201,0.264076
1248,0.0371035,0.264076,0.263951
1249,0.0370817,0.263951,0.263825
1250,0.03706,0.263825,0.2637
1251,0.0370383,0.2637,0.263576
1252,0.0370167,0.263576,0.263451
1253,0.0369951,0.263451,0.263326
1254,0.0369736,0.263326,0.263202
1255,0.0369521,0.263202,0.263078
1256,0.0369307,0.263078,0.262953
1257,0.0369093,0.262953,0.262829
1258,0.036888,0.262829,0.262706
1259,0.0368667,0.262706,0.262582
1260,0.0368455,0.262582,0.262458
1261,0.0368243,0.262458,0.262335
1262,0.0368032,0.262335,0.262212
1263,0.0367822,0.262212,0.262088
1264,0.0367611,0.262088,0.261965
1265,0.0367402,0.261965,0.261843
1266,0.0367193,0.261843,0.26172
1267,0.0366984,0.26172,0.261597
1268,0.0366776,0.261597,0.261475
1269,0.0366568,0.261475,0.261353
1270,0.0366361,0.261353,0.26123
1271,0.0366154,0.26123,0.261108
1272,0.0365948,0.261108,0.260987
1273,0.0365742,0.260987,0.260865
1274,0.0365537,0.260865,0.260743
1275,0.0365332,0.260743,0.260622
1276,0.0365128,0.260622,0.2605
1277,0.0364924,0.2605,0.260379
1278,0.036472,0.260379,0.260258
1279,0.0364518,0.260258,0.260137
1280,0.0364315,0.260137,0.260017
1281,0.0364113,0.260017,0.259896
1282,0.0363912,0.259896,0.259776
1283,0.0363711,0.259776,0.259655
1284,0.0363511,0.259655,0.259535
1285,0.0363311,0.259535,0.259415
1286,0.0363111,0.259415,0.259295
1287,0.0362912,0.259295,0.259175
1288,0.0362713,0.259175,0.259056
1289,0.0362515,0.259056,0.258936
1290,0.0362318,0.258936,0.258817
1291,0.0362121,0.258817,0.258697
1292,0.0361924,0.258697,0.258578
1293,0.0361728,0.258578,0.258459
1294,0.0361532,0.258459,0.25834
1295,0.0361337,0.25834,0.258222
1296,0.0361142,0.258222,0.258103
1297,0.0360947,0.258103,0.257985
1298,0.0360754,0.257985,0.257866
1299,0.036056,0.257866,0.257748
1300,0.0360367,0.257748,0.25763
1301,0.0360175,0.25763,0.257512
1302,0.0359983,0.257512,0.257394
1303,0.0359791,0.257394,0.257277
1304,0.03596,0.257277,0.257159
1305,0.0359409,0.257159,0.257042
1306,0.0359219,0.257042,0.256925
1307,0.0359029,0.256925,0.256808
1308,0.035884,0.256808,0.256691
1309,0.0358651,0.256691,0.256574
1310,0.0358463,0.256574,0.256457
1311,0.0358275,0.256457,0.25634
1312,0.0358087,0.25634,0.256224
1313,0.03579,0.256224,0.256108
1314,0.0357713,0.256108,0.255991
1315,0.0357527,0.255991,0.255875
1316,0.0357342,0.255875,0.255759
1317,0.0357156,0.255759,0.255644
1318,0.0356971,0.255644,0.255528
1319,0.0356787,0.255528,0.255412
1320,0.0356603,0.255412,0.255297
1321,0.035642,0.255297,0.255182
1322,0.0356237,0.255182,0.255066
1323,0.0356054,0.255066,0.254951
1324,0.0355872,0.254951,0.254836
1325,0.035569,0.254836,0.254722
1326,0.0355509,0.254722,0.254607
1327,0.0355328,0.254607,0.254492
1328,0.0355147,0.254492,0.254378
1329,0.0354967,0.254378,0.254264
1330,0.0354788,0.254264,0.25415
1331,0.0354608,0.25415,0.254035
1332,0.035443,0.254035,0.253922
1333,0.0354251,0.253922,0.253808
1334,0.0354074,0.253808,0.253694
1335,0.0353896,0.253694,0.253581
1336,0.0353719,0.253581,0.253467
1337,0.0353543,0.253467,0.253354
1338,0.0353366,0.253354,0.253241
1339,0.0353191,0.253241,0.253128
1340,0.0353015,0.253128,0.253015
1341,0.035284,0.253015,0.252902
1342,0.0352666,0.252902,0.252789
1343,0.0352492,0.252789,0.252677
1344,0.0352318,0.252677,0.252564
1345,0.0352145,0.252564,0.252452
1346,0.0351972,0.252452,0.25234
1347,0.03518,0.25234,0.252228
1348,0.0351628,0.252228,0.252116
1349,0.0351456,0.252116,0.252004
1350,0.0351285,0.252004,0.251892
1351,0.0351115,0.251892,0.251781
1352,0.0350944,0.251781,0.251669
1353,0.0350774,0.251669,0.251558
1354,0.0350605,0.251558,0.251447
1355,0.0350436,0.251447,0.251336
1356,0.0350267,0.251336,0.251225
1357,0.0350099,0.251225,0.251114
1358,0.0349931,0.251114,0.251003
1359,0.0349764,0.251003,0.250893
1360,0.0349597,0.250893,0.250782
1361,0.034943,0.250782,0.250672
1362,0.0349264,0.250672,0.250561
1363,0.0349098,0.250561,0.250451
1364,0.0348933,0.250451,0.250341
1365,0.0348768,0.250341,0.250231
1366,0.0348603,0.250231,0.250122
1367,0.0348439,0.250122,0.250012
1368,0.0348275,0.250012,0.249902
1369,0.0348111,0.249902,0.249793
1370,0.0347948,0.249793,0.249684
1371,0.0347786,0.249684,0.249574
1372,0.0347624,0.249574,0.249465
1373,0.0347462,0.249465,0.249356
1374,0.03473,0.249356,0.249248
1375,0.0347139,0.249248,0.249139
1376,0.0346979,0.249139,0.24903
1377,0.0346818,0.24903,0.248922
1378,0.0346659,0.248922,0.248813
1379,0.0346499,0.248813,0.248705
1380,0.034634,0.248705,0.248597
1381,0.0346181,0.248597,0.248489
1382,0.0346023,0.248489,0.248381
1383,0.0345865,0.248381,0.248273
1384,0.0345708,0.248273,0.248165
1385,0.034555,0.248165,0.248058
1386,0.0345394,0.248058,0.24795
1387,0.0345237,0.24795,0.247843
1388,0.0345081,0.247843,0.247736
1389,0.0344926,0.247736,0.247629
1390,0.034477,0.247629,0.247522
1391,0.0344616,0.247522,0.247415
1392,0.0344461,0.247415,0.247308
1393,0.0344307,0.247308,0.247201
1394,0.0344153,0.247201,0.247095
1395,0.0344,0.247095,0.246988
1396,0.0343847,0.246988,0.246882
1397,0.0343695,0.246882,0.246776
1398,0.0343542,0.246776,0.24667
1399,0.034339,0.24667,0.246564
1400,0.0343239,0.246564,0.246458
1401,0.0343088,0.246458,0.246352
1402,0.0342937,0.246352,0.246246
1403,0.0342787,0.246246,0.246141
1404,0.0342637,0.246141,0.246035
1405,0.0342487,0.246035,0.24593
1406,0.0342338,0.24593,0.245825
1407,0.0342189,0.245825,0.24572
1408,0.0342041,0.24572,0.245615
1409,0.0341893,0.245615,0.24551
1410,0.0341745,0.24551,0.245405
1411,0.0341598,0.245405,0.2453
1412,0.0341451,0.2453,0.245196
1413,0.0341304,0.245196,0.245091
1414,0.0341158,0.245091,0.244987
1415,0.0341012,0.244987,0.244883
1416,0.0340866,0.244883,0.244779
1417,0.0340721,0.244779,0.244675
1418,0.0340576,0.244675,0.244571
1419,0.0340431,0.244571,0.244467
1420,0.0340287,0.244467,0.244363
1421,0.0340144,0.244363,0.244259
1422,0.034,0.244259,0.244156
1423,0.0339857,0.244156,0.244053
1424,0.0339714,0.244053,0.243949
1425,0.0339572,0.243949,0.243846
1426,0.033943,0.243846,0.243743
1427,0.0339288,0.243743,0.24364
1428,0.0339147,0.24364,0.243537
1429,0.0339006,0.243537,0.243435
1430,0.0338866,0.243435,0.243332
1431,0.0338725,0.243332,0.243229
1432,0.0338586,0.243229,0.243127
1433,0.0338446,0.243127,0.243025
1434,0.0338307,0.243025,0.242922
1435,0.0338168,0.242922,0.24282
1436,0.033803,0.24282,0.242718
1437,0.0337891,0.242718,0.242616
1438,0.0337754,0.242616,0.242515
1439,0.0337616,0.242515,0.242413
1440,0.0337479,0.242413,0.242311
1441,0.0337342,0.242311,0.24221
1442,0.0337206,0.24221,0.242108
1443,0.033707,0.242108,0.242007
1444,0.0336934,0.242007,0.241906
1445,0.0336799,0.241906,0.241805
1446,0.0336664,0.241805,0.241704
1447,0.0336529,0.241704,0.241603
1448,0.0336395,0.241603,0.241502
1449,0.0336261,0.241502,0.241402
1450,0.0336127,0.241402,0.241301
1451,0.0335993,0.241301,0.241201
1452,0.033586,0.241201,0.2411
1453,0.0335728,0.2411,0.241
1454,0.0335595,0.241,0.2409
1455,0.0335463,0.2409,0.2408
1456,0.0335332,0.2408,0.2407
1457,0.03352,0.2407,0.2406
1458,0.0335069,0.2406,0.2405
1459,0.0334939,0.2405,0.240401
1460,0.0334808,0.240401,0.240301
1461,0.0334678,0.240301,0.240202
1462,0.0334549,0.240202,0.240102
1463,0.0334419,0.240102,0.240003
1464,0.033429,0.240003,0.239904
1465,0.0334161,0.239904,0.239805
1466,0.0334033,0.239805,0.239706
1467,0.0333905,0.239706,0.239607
1468,0.0333777,0.239607,0.239508
1469,0.033365,0.239508,0.23941
1470,0.0333523,0.23941,0.239311
1471,0.0333396,0.239311,0.239213
1472,0.033327,0.239213,0.239114
1473,0.0333144,0.239114,0.239016
1474,0.0333018,0.239016,0.238918
1475,0.0332892,0.238918,0.23882
1476,0.0332767,0.23882,0.238722
1477,0.0332642,0.238722,0.238624
1478,0.0332518,0.238624,0.238526
1479,0.0332394,0.238526,0.238428
1480,0.033227,0.238428,0.238331
1481,0.0332146,0.238331,0.238233
1482,0.0332023,0.238233,0.238136
1483,0.03319,0.238136,0.238039
1484,0.0331777,0.238039,0.237942
1485,0.0331655,0.237942,0.237844
1486,0.0331533,0.237844,0.237747
1487,0.0331412,0.237747,0.237651
1488,0.033129,0.237651,0.237554
1489,0.0331169,0.237554,0.237457
1490,0.0331048,0.237457,0.23736
1491,0.0330928,0.23736,0.237264
1492,0.0330808,0.237264,0.237167
1493,0.0330688,0.237167,0.237071
1494,0.0330569,0.237071,0.236975
1495,0.033045,0.236975,0.236879
1496,0.0330331,0.236879,0.236783
1497,0.0330212,0.236783,0.236687
1498,0.0330094,0.236687,0.236591
1499,0.0329976,0.236591,0.236495
1500,0.0329858,0.236495,0.2364
1501,0.0329741,0.2364,0.236304
1502,0.0329624,0.236304,0.236208
1503,0.0329507,0.236208,0.236113
1504,0.0329391,0.236113,0.236018
1505,0.0329275,0.236018,0.235923
1506,0.0329159,0.235923,0.235828
1507,0.0329043,0.235828,0.235733
1508,0.0328928,0.235733,0.235638
1509,0.0328813,0.235638,0.235543
1510,0.0328699,0.235543,0.235448
1511,0.0328584,0.235448,0.235353
1512,0.032847,0.235353,0.235259
1513,0.0328356,0.235259,0.235164
1514,0.0328243,0.235164,0.23507
1515,0.032813,0.23507,0.234976
1516,0.0328017,0.234976,0.234882
1517,0.0327905,0.234882,0.234788
1518,0.0327792,0.234788,0.234694
1519,0.032768,0.234694,0.2346
1520,0.0327569,0.2346,0.234506
1521,0.0327457,0.234506,0.234412
1522,0.0327346,0.234412,0.234318
1523,0.0327236,0.234318,0.234225
1524,0.0327125,0.234225,0.234131
1525,0.0327015,0.234131,0.234038
1526,0.0326905,0.234038,0.233945
1527,0.0326795,0.233945,0.233852
1528,0.0326686,0.233852,0.233759
1529,0.0326577,0.233759,0.233666
1530,0.0326468,0.233666,0.233573
1531,0.032636,0.233573,0.23348
1532,0.0326252,0.23348,0.233387
1533,0.0326144,0.233387,0.233295
1534,0.0326036,0.233295,0.233202
1535,0.0325929,0.233202,0.23311
1536,0.0325822,0.23311,0.233017
1537,0.0325715,0.233017,0.232925
1538,0.0325609,0.232925,0.232833
1539,0.0325502,0.232833,0.232741
1540,0.0325397,0.232741,0.232649
1541,0.0325291,0.232649,0.232557
1542,0.0325186,0.232557,0.232465
1543,0.0325081,0.232465,0.232373
1544,0.0324976,0.232373,0.232281
1545,0.0324871,0.232281,0.23219
1546,0.0324767,0.23219,0.232098
1547,0.0324663,0.232098,0.232007
1548,0.0324559,0.232007,0.231916
1549,0.0324456,0.231916,0.231824
1550,0.0324353,0.231824,0.231733
1551,0.032425,0.231733,0.231642
1552,0.0324148,0.231642,0.231551
1553,0.0324045,0.231551,0.23146
1554,0.0323943,0.23146,0.23137
1555,0.0323842,0.23137,0.231279
1556,0.032374,0.231279,0.231188
1557,0.0323639,0.231188,0.231098
1558,0.0323538,0.231098,0.231007
1559,0.0323437,0.231007,0.230917
1560,0.0323337,0.230917,0.230827
1561,0.0323237,0.230827,0.230736
1562,0.0323137,0.230736,0.230646
1563,0.0323038,0.230646,0.230556
1564,0.0322938,0.230556,0.230466
1565,0.0322839,0.230466,0.230376
1566,0.0322741,0.230376,0.230287
1567,0.0322642,0.230287,0.230197
1568,0.0322544,0.230197,0.230107
1569,0.0322446,0.230107,0.230018
1570,0.0322348,0.230018,0.229928
1571,0.0322251,0.229928,0.229839
1572,0.0322154,0.229839,0.22975
1573,0.0322057,0.22975,0.229661
1574,0.032196,0.229661,0.229572
1575,0.0321864,0.229572,0.229483
1576,0.0321768,0.229483,0.229394
1577,0.0321672,0.229394,0.229305
1578,0.0321576,0.229305,0.229216
1579,0.0321481,0.229216,0.229127
1580,0.0321386,0.229127,0.229039
1581,0.0321291,0.229039,0.22895
1582,0.0321197,0.22895,0.228862
1583,0.0321102,0.228862,0.228773
1584,0.0321008,0.228773,0.228685
1585,0.0320915,0.228685,0.228597
1586,0.0320821,0.228597,0.228509
1587,0.0320728,0.228509,0.228421
1588,0.0320635,0.228421,0.228333
1589,0.0320542,0.228333,0.228245
1590,0.032045,0.228245,0.228157
1591,0.0320358,0.228157,0.22807
1592,0.0320266,0.22807,0.227982
1593,0.0320174,0.227982,0.227895
1594,0.0320082,0.227895,0.227807
1595,0.0319991,0.227807,0.22772
1596,0.03199,0.22772,0.227632
1597,0.031981,0.227632,0.227545
1598,0.0319719,0.227545,0.227458
1599,0.0319629,0.227458,0.227371
1600,0.0319539,0.227371,0.227284
1601,0.0319449,0.227284,0.227197
1602,0.031936,0.227197,0.22711
1603,0.0319271,0.22711,0.227024
1604,0.0319182,0.227024,0.226937
1605,0.0319093,0.226937,0.226851
1606,0.0319005,0.226851,0.226764
1607,0.0318917,0.226764,0.226678
1608,0.0318829,0.226678,0.226591
1609,0.0318741,0.226591,0.226505
1610,0.0318654,0.226505,0.226419
1611,0.0318566,0.226419,0.226333
1612,0.0318479,0.226333,0.226247
1613,0.0318393,0.226247,0.226161
1614,0.0318306,0.226161,0.226075
1615,0.031822,0.226075,0.225989
1616,0.0318134,0.225989,0.225904
1617,0.0318048,0.225904,0.225818
1618,0.0317963,0.225818,0.225733
1619,0.0317878,0.225733,0.225647
1620,0.0317793,0.225647,0.225562
1621,0.0317708,0.225562,0.225476
1622,0.0317623,0.225476,0.225391
1623,0.0317539,0.225391,0.225306
1624,0.0317455,0.225306,0.225221
1625,0.0317371,0.225221,0.225136
1626,0.0317288,0.225136,0.225051
1627,0.0317204,0.225051,0.224966
1628,0.0317121,0.224966,0.224882
1629,0.0317038,0.224882,0.224797
1630,0.0316956,0.224797,0.224712
1631,0.0316873,0.224712,0.224628
1632,0.0316791,0.224628,0.224543
1633,0.0316709,0.224543,0.224459
1634,0.0316628,0.224459,0.224375
1635,0.0316546,0.224375,0.22429
1636,0.0316465,0.22429,0.224206
1637,0.0316384,0.224206,0.224122
1638,0.0316303,0.224122,0.224038
1639,0.0316223,0.224038,0.223954
1640,0.0316143,0.223954,0.223871
1641,0.0316063,0.223871,0.223787
1642,0.0315983,0.223787,0.223703
1643,0.0315903,0.223703,0.223619
1644,0.0315824,0.223619,0.223536
1645,0.0315745,0.223536,0.223452
1646,0.0315666,0.223452,0.223369
1647,0.0315587,0.223369,0.223286
1648,0.0315509,0.223286,0.223203
1649,0.0315431,0.223203,0.223119
1650,0.0315353,0.223119,0.223036
1651,0.0315275,0.223036,0.222953
1652,0.0315197,0.222953,0.22287
1653,0.031512,0.22287,0.222788
1654,0.0315043,0.222788,0.222705
1655,0.0314966,0.222705,0.222622
1656,0.031489,0.222622,0.222539
1657,0.0314813,0.222539,0.222457
1658,0.0314737,0.222457,0.222374
1659,0.0314661,0.222374,0.222292
1660,0.0314585,0.222292,0.22221
1661,0.031451,0.22221,0.222127
1662,0.0314435,0.222127,0.222045
1663,0.031436,0.222045,0.221963
1664,0.0314285,0.221963,0.221881
1665,0.031421,0.221881,0.221799
1666,0.0314136,0.221799,0.221717
1667,0.0314062,0.221717,0.221635
1668,0.0313988,0.221635,0.221554
1669,0.0313914,0.221554,0.221472
1670,0.0313841,0.221472,0.22139
1671,0.0313767,0.22139,0.221309
1672,0.0313694,0.221309,0.221227
1673,0.0313621,0.221227,0.221146
1674,0.0313549,0.221146,0.221065
1675,0.0313476,0.221065,0.220983
1676,0.0313404,0.220983,0.220902
1677,0.0313332,0.220902,0.220821
1678,0.0313261,0.220821,0.22074
1679,0.0313189,0.22074,0.220659
1680,0.0313118,0.220659,0.220578
1681,0.0313047,0.220578,0.220497
1682,0.0312976,0.220497,0.220417
1683,0.0312905,0.220417,0.220336
1684,0.0312835,0.220336,0.220255
1685,0.0312764,0.220255,0.220175
1686,0.0312694,0.220175,0.220094
1687,0.0312624,0.220094,0.220014
1688,0.0312555,0.220014,0.219934
1689,0.0312485,0.219934,0.219853
1690,0.0312416,0.219853,0.219773
1691,0.0312347,0.219773,0.219693
1692,0.0312279,0.219693,0.219613
1693,0.031221,0.219613,0.219533
1694,0.0312142,0.219533,0.219453
1695,0.0312074,0.219453,0.219374
1696,0.0312006,0.219374,0.219294
1697,0.0311938,0.219294,0.219214
1698,0.031187,0.219214,0.219134
1699,0.0311803,0.219134,0.219055
1700,0.0311736,0.219055,0.218975
1701,0.0311669,0.218975,0.218896
1702,0.0311602,0.218896,0.218817
1703,0.0311536,0.218817,0.218737
1704,0.031147,0.218737,0.218658
1705,0.0311404,0.218658,0.218579
1706,0.0311338,0.218579,0.2185
1707,0.0311272,0.2185,0.218421
1708,0.0311207,0.218421,0.218342
1709,0.0311141,0.218342,0.218263
1710,0.0311076,0.218263,0.218185
1711,0.0311012,0.218185,0.218106
1712,0.0310947,0.218106,0.218027
1713,0.0310882,0.218027,0.217949
1714,0.0310818,0.217949,0.21787
1715,0.0310754,0.21787,0.217792
1716,0.031069,0.217792,0.217713
1717,0.0310627,0.217713,0.217635
1718,0.0310563,0.217635,0.217557
1719,0.03105,0.217557,0.217479
1720,0.0310437,0.217479,0.2174
1721,0.0310374,0.2174,0.217322
1722,0.0310312,0.217322,0.217244
1723,0.0310249,0.217244,0.217167
1724,0.0310187,0.217167,0.217089
1725,0.0310125,0.217089,0.217011
1726,0.0310063,0.217011,0.216933
1727,0.0310001,0.216933,0.216856
1728,0.030994,0.216856,0.216778
1729,0.0309879,0.216778,0.216701
1730,0.0309818,0.216701,0.216623
1731,0.0309757,0.216623,0.216546
1732,0.0309696,0.216546,0.216468
1733,0.0309636,0.216468,0.216391
1734,0.0309576,0.216391,0.216314
1735,0.0309515,0.216314,0.216237
1736,0.0309456,0.216237,0.21616
1737,0.0309396,0.21616,0.216083
1738,0.0309336,0.216083,0.216006
1739,0.0309277,0.216006,0.215929
1740,0.0309218,0.215929,0.215852
1741,0.0309159,0.215852,0.215776
1742,0.03091,0.215776,0.215699
1743,0.0309042,0.215699,0.215623
1744,0.0308983,0.215623,0.215546
1745,0.0308925,0.215546,0.21547
1746,0.0308867,0.21547,0.215393
1747,0.030881,0.215393,0.215317
1748,0.0308752,0.215317,0.215241
1749,0.0308695,0.215241,0.215165
1750,0.0308637,0.215165,0.215088
1751,0.030858,0.215088,0.215012
1752,0.0308524,0.215012,0.214936
1753,0.0308467,0.214936,0.21486
1754,0.0308411,0.21486,0.214785
1755,0.0308354,0.214785,0.214709
1756,0.0308298,0.214709,0.214633
1757,0.0308242,0.214633,0.214557
1758,0.0308187,0.214557,0.214482
1759,0.0308131,0.214482,0.214406
1760,0.0308076,0.214406,0.214331
1761,0.0308021,0.214331,0.214255
1762,0.0307966,0.214255,0.21418
1763,0.0307911,0.21418,0.214105
1764,0.0307856,0.214105,0.21403
1765,0.0307802,0.21403,0.213954
1766,0.0307748,0.213954,0.213879
1767,0.0307694,0.213879,0.213804
1768,0.030764,0.213804,0.213729
1769,0.0307586,0.213729,0.213654
1770,0.0307533,0.213654,0.21358
1771,0.0307479,0.21358,0.213505
1772,0.0307426,0.213505,0.21343
1773,0.0307373,0.21343,0.213355
1774,0.030732,0.213355,0.213281
1775,0.0307268,0.213281,0.213206
1776,0.0307215,0.213206,0.213132
1777,0.0307163,0.213132,0.213058
1778,0.0307111,0.213058,0.212983
1779,0.0307059,0.212983,0.212909
1780,0.0307007,0.212909,0.212835
1781,0.0306956,0.212835,0.212761
1782,0.0306905,0.212761,0.212686
1783,0.0306853,0.212686,0.212612
1784,0.0306802,0.212612,0.212539
1785,0.0306752,0.212539,0.212465
1786,0.0306701,0.212465,0.212391
1787,0.0306651,0.212391,0.212317
1788,0.03066,0.212317,0.212243
1789,0.030655,0.212243,0.21217
1790,0.03065,0.21217,0.212096
1791,0.0306451,0.212096,0.212023
1792,0.0306401,0.212023,0.211949
1793,0.0306352,0.211949,0.211876
1794,0.0306302,0.211876,0.211802
1795,0.0306253,0.211802,0.211729
1796,0.0306204,0.211729,0.211656
1797,0.0306156,0.211656,0.211583
1798,0.0306107,0.211583,0.21151
1799,0.0306059,0.21151,0.211437
1800,0.0306011,0.211437,0.211364
1801,0.0305963,0.211364,0.211291
1802,0.0305915,0.211291,0.211218
1803,0.0305867,0.211218,0.211145
1804,0.030582,0.211145,0.211072
1805,0.0305772,0.211072,0.211
1806,0.0305725,0.211,0.210927
1807,0.0305678,0.210927,0.210854
1808,0.0305631,0.210854,0.210782
1809,0.0305585,0.210782,0.210709
1810,0.0305538,0.210709,0.210637
1811,0.0305492,0.210637,0.210565
1812,0.0305446,0.210565,0.210492
1813,0.03054,0.210492,0.21042
1814,0.0305354,0.21042,0.210348
1815,0.0305308,0.210348,0.210276
1816,0.0305263,0.210276,0.210204
1817,0.0305217,0.210204,0.210132
1818,0.0305172,0.210132,0.21006
1819,0.0305127,0.21006,0.209988
1820,0.0305082,0.209988,0.209917
1821,0.0305038,0.209917,0.209845
1822,0.0304993,0.209845,0.209773
1823,0.0304949,0.209773,0.209702
1824,0.0304905,0.209702,0.20963
1825,0.0304861,0.20963,0.209559
1826,0.0304817,0.209559,0.209487
1827,0.0304773,0.209487,0.209416
1828,0.030473,0.209416,0.209344
1829,0.0304686,0.209344,0.209273
1830,0.0304643,0.209273,0.209202
1831,0.03046,0.209202,0.209131
1832,0.0304557,0.209131,0.20906
1833,0.0304515,0.20906,0.208989
1834,0.0304472,0.208989,0.208918
1835,0.030443,0.208918,0.208847
1836,0.0304388,0.208847,0.208776
1837,0.0304346,0.208776,0.208705
1838,0.0304304,0.208705,0.208634
1839,0.0304262,0.208634,0.208564
1840,0.030422,0.208564,0.208493
1841,0.0304179,0.208493,0.208423
1842,0.0304138,0.208423,0.208352
1843,0.0304097,0.208352,0.208282
1844,0.0304056,0.208282,0.208211
1845,0.0304015,0.208211,0.208141
1846,0.0303974,0.208141,0.208071
1847,0.0303934,0.208071,0.208
1848,0.0303894,0.208,0.20793
1849,0.0303853,0.20793,0.20786
1850,0.0303813,0.20786,0.20779
1851,0.0303774,0.20779,0.20772
1852,0.0303734,0.20772,0.20765
1853,0.0303694,0.20765,0.20758
1854,0.0303655,0.20758,0.20751
1855,0.0303616,0.20751,0.207441
1856,0.0303577,0.207441,0.207371
1857,0.0303538,0.207371,0.207301
1858,0.0303499,0.207301,0.207232
1859,0.0303461,0.207232,0.207162
1860,0.0303422,0.207162,0.207093
1861,0.0303384,0.207093,0.207023
1862,0.0303346,0.207023,0.206954
1863,0.0303308,0.206954,0.206885
1864,0.030327,0.206885,0.206815
1865,0.0303232,0.206815,0.206746
1866,0.0303195,0.206746,0.206677
1867,0.0303158,0.206677,0.206608
1868,0.030312,0.206608,0.206539
1869,0.0303083,0.206539,0.20647
1870,0.0303046,0.20647,0.206401
1871,0.030301,0.206401,0.206332
1872,0.0302973,0.206332,0.206263
1873,0.0302937,0.206263,0.206195
1874,0.03029,0.206195,0.206126
1875,0.0302864,0.206126,0.206057
1876,0.0302828,0.206057,0.205989
1877,0.0302792,0.205989,0.20592
1878,0.0302757,0.20592,0.205852
1879,0.0302721,0.205852,0.205783
1880,0.0302686,0.205783,0.205715
1881,0.030265,0.205715,0.205646
1882,0.0302615,0.205646,0.205578
1883,0.030258,0.205578,0.20551
1884,0.0302546,0.20551,0.205442
1885,0.0302511,0.205442,0.205374
1886,0.0302476,0.205374,0.205306
1887,0.0302442,0.205306,0.205238
1888,0.0302408,0.205238,0.20517
1889,0.0302374,0.20517,0.205102
1890,0.030234,0.205102,0.205034
1891,0.0302306,0.205034,0.204966
1892,0.0302272,0.204966,0.204898
1893,0.0302239,0.204898,0.204831
1894,0.0302205,0.204831,0.204763
1895,0.0302172,0.204763,0.204696
1896,0.0302139,0.204696,0.204628
1897,0.0302106,0.204628,0.204561
1898,0.0302073,0.204561,0.204493
1899,0.0302041,0.204493,0.204426
1900,0.0302008,0.204426,0.204358
1901,0.0301976,0.204358,0.204291
1902,0.0301944,0.204291,0.204224
1903,0.0301912,0.204224,0.204157
1904,0.030188,0.204157,0.20409
1905,0.0301848,0.20409,0.204023
1906,0.0301816,0.204023,0.203956
1907,0.0301785,0.203956,0.203889
1908,0.0301754,0.203889,0.203822
1909,0.0301722,0.203822,0.203755
1910,0.0301691,0.203755,0.203688
1911,0.030166,0.203688,0.203622
1912,0.030163,0.203622,0.203555
1913,0.0301599,0.203555,0.203488
1914,0.0301568,0.203488,0.203422
1915,0.0301538,0.203422,0.203355
1916,0.0301508,0.203355,0.203289
1917,0.0301478,0.203289,0.203222
1918,0.0301448,0.203222,0.203156
1919,0.0301418,0.203156,0.20309
1920,0.0301388,0.20309,0.203023
1921,0.0301359,0.203023,0.202957
1922,0.0301329,0.202957,0.202891
1923,0.03013,0.202891,0.202825
1924,0.0301271,0.202825,0.202759
1925,0.0301242,0.202759,0.202693
1926,0.0301213,0.202693,0.202627
1927,0.0301184,0.202627,0.202561
1928,0.0301156,0.202561,0.202495
1929,0.0301127,0.202495,0.20243
1930,0.0301099,0.20243,0.202364
1931,0.0301071,0.202364,0.202298
1932,0.0301043,0.202298,0.202232
1933,0.0301015,0.202232,0.202167
1934,0.0300987,0.202167,0.202101
1935,0.030096,0.202101,0.202036
1936,0.0300932,0.202036,0.20197
1937,0.0300905,0.20197,0.201905
1938,0.0300877,0.201905,0.20184
1939,0.030085,0.20184,0.201774
1940,0.0300823,0.201774,0.201709
1941,0.0300797,0.201709,0.201644
1942,0.030077,0.201644,0.201579
1943,0.0300743,0.201579,0.201514
1944,0.0300717,0.201514,0.201449
1945,0.0300691,0.201449,0.201384
1946,0.0300664,0.201384,0.201319
1947,0.0300638,0.201319,0.201254
1948,0.0300612,0.201254,0.201189
1949,0.0300587,0.201189,0.201124
1950,0.0300561,0.201124,0.20106
1951,0.0300535,0.20106,0.200995
1952,0.030051,0.200995,0.20093
1953,0.0300485,0.20093,0.200866
1954,0.030046,0.200866,0.200801
1955,0.0300435,0.200801,0.200737
1956,0.030041,0.200737,0.200672
1957,0.0300385,0.200672,0.200608
1958,0.0300361,0.200608,0.200544
1959,0.0300336,0.200544,0.200479
1960,0.0300312,0.200479,0.200415
1961,0.0300287,0.200415,0.200351
1962,0.0300263,0.200351,0.200287
1963,0.0300239,0.200287,0.200223
1964,0.0300216,0.200223,0.200159
1965,0.0300192,0.200159,0.200095
1966,0.0300168,0.200095,0.200031
1967,0.0300145,0.200031,0.199967
1968,0.0300121,0.199967,0.199903
1969,0.0300098,0.199903,0.199839
1970,0.0300075,0.199839,0.199776
1971,0.0300052,0.199776,0.199712
1972,0.0300029,0.199712,0.199648
1973,0.0300007,0.199648,0.199585
1974,0.0299984,0.199585,0.199521
1975,0.0299962,0.199521,0.199458
1976,0.0299939,0.199458,0.199394
1977,0.0299917,0.199394,0.199331
1978,0.0299895,0.199331,0.199267
1979,0.0299873,0.199267,0.199204
1980,0.0299851,0.199204,0.199141
1981,0.029983,0.199141,0.199078
1982,0.0299808,0.199078,0.199015
1983,0.0299787,0.199015,0.198951
1984,0.0299765,0.198951,0.198888
1985,0.0299744,0.198888,0.198825
1986,0.0299723,0.198825,0.198762
1987,0.0299702,0.198762,0.198699
1988,0.0299681,0.198699,0.198637
1989,0.029966,0.198637,0.198574
1990,0.029964,0.198574,0.198511
1991,0.0299619,0.198511,0.198448
1992,0.0299599,0.198448,0.198386
1993,0.0299579,0.198386,0.198323
1994,0.0299559,0.198323,0.19826
1995,0.0299539,0.19826,0.198198
1996,0.0299519,0.198198,0.198135
1997,0.0299499,0.198135,0.198073
1998,0.0299479,0.198073,0.19801
1999,0.029946,0.19801,0.197948
