energy_keV,method_id,kind,validation_status,efficiency_fraction,status,admissible_for_comparison,scientific_admission,physical_qualified,reference_method,delta_fraction,delta_relative_to_reference,selected
40.0,south_source_export_percent,source_calibration_export,conditional_source_reproduction,,excluded_nonpositive_efficiency,False,False,False,south_source_export_percent,,,True
40.0,south_source_export_fraction,source_calibration_export,conditional_source_reproduction,,excluded_nonpositive_efficiency,False,False,False,south_source_export_percent,,,False
40.0,current_engine_header_model,model,unvalidated_model,,excluded_invalid_model_value,False,False,False,south_source_export_percent,,,False
40.0,pgt_shaped_xcom_density_aware_ln,model,unvalidated_model,,excluded_invalid_model_value,False,False,False,south_source_export_percent,,,False
40.0,vendor_mcmaster_model,model,unvalidated_model,,unsupported_model,False,False,False,south_source_export_percent,,,False
40.0,historical_report_effective,report_effective,conditional_report_reconstruction,,excluded_outside_range,False,False,False,south_source_export_percent,,,False
56.0,south_source_export_percent,source_calibration_export,conditional_source_reproduction,,excluded_nonpositive_efficiency,False,False,False,south_source_export_percent,,,True
56.0,south_source_export_fraction,source_calibration_export,conditional_source_reproduction,,excluded_nonpositive_efficiency,False,False,False,south_source_export_percent,,,False
56.0,current_engine_header_model,model,unvalidated_model,,excluded_invalid_model_value,False,False,False,south_source_export_percent,,,False
56.0,pgt_shaped_xcom_density_aware_ln,model,unvalidated_model,,excluded_invalid_model_value,False,False,False,south_source_export_percent,,,False
56.0,vendor_mcmaster_model,model,unvalidated_model,,unsupported_model,False,False,False,south_source_export_percent,,,False
56.0,historical_report_effective,report_effective,conditional_report_reconstruction,,excluded_outside_range,False,False,False,south_source_export_percent,,,False
57.0,south_source_export_percent,source_calibration_export,conditional_source_reproduction,3.39694e-06,conditional_comparison,True,False,False,south_source_export_percent,0.0,0.0,True
57.0,south_source_export_fraction,source_calibration_export,conditional_source_reproduction,0.000339694,conditional_comparison,True,False,False,south_source_export_percent,0.00033629705999999997,99.0,False
57.0,current_engine_header_model,model,unvalidated_model,1.691521606918116e-05,conditional_comparison,True,False,False,south_source_export_percent,1.3518276069181158e-05,3.9795451403855115,False
57.0,pgt_shaped_xcom_density_aware_ln,model,unvalidated_model,2.5520882309861578e-05,conditional_comparison,True,False,False,south_source_export_percent,2.2123942309861577e-05,6.512903468963708,False
57.0,vendor_mcmaster_model,model,unvalidated_model,,unsupported_model,False,False,False,south_source_export_percent,,,False
57.0,historical_report_effective,report_effective,conditional_report_reconstruction,,excluded_outside_range,False,False,False,south_source_export_percent,,,False
100.0,south_source_export_percent,source_calibration_export,conditional_source_reproduction,0.0010023,conditional_comparison,True,False,False,south_source_export_percent,0.0,0.0,True
100.0,south_source_export_fraction,source_calibration_export,conditional_source_reproduction,0.10023,conditional_comparison,True,False,False,south_source_export_percent,0.0992277,99.0,False
100.0,current_engine_header_model,model,unvalidated_model,0.0008073615224185156,conditional_comparison,True,False,False,south_source_export_percent,-0.00019493847758148442,-0.1944911479412196,False
100.0,pgt_shaped_xcom_density_aware_ln,model,unvalidated_model,0.0015479329096525086,conditional_comparison,True,False,False,south_source_export_percent,0.0005456329096525086,0.5443808337349183,False
100.0,vendor_mcmaster_model,model,unvalidated_model,,unsupported_model,False,False,False,south_source_export_percent,,,False
100.0,historical_report_effective,report_effective,conditional_report_reconstruction,,excluded_outside_range,False,False,False,south_source_export_percent,,,False
500.0,south_source_export_percent,source_calibration_export,conditional_source_reproduction,0.000821244,conditional_comparison,True,False,False,south_source_export_percent,0.0,0.0,True
500.0,south_source_export_fraction,source_calibration_export,conditional_source_reproduction,0.0821244,conditional_comparison,True,False,False,south_source_export_percent,0.081303156,99.0,False
500.0,current_engine_header_model,model,unvalidated_model,0.0005891985111112562,conditional_comparison,True,False,False,south_source_export_percent,-0.0002320454888887439,-0.28255364896272467,False
500.0,pgt_shaped_xcom_density_aware_ln,model,unvalidated_model,0.001606074376312168,conditional_comparison,True,False,False,south_source_export_percent,0.0007848303763121679,0.9556604082491535,False
500.0,vendor_mcmaster_model,model,unvalidated_model,,unsupported_model,False,False,False,south_source_export_percent,,,False
500.0,historical_report_effective,report_effective,conditional_report_reconstruction,,excluded_outside_range,False,False,False,south_source_export_percent,,,False
1000.0,south_source_export_percent,source_calibration_export,conditional_source_reproduction,0.000444251,conditional_comparison,True,False,False,south_source_export_percent,0.0,0.0,True
1000.0,south_source_export_fraction,source_calibration_export,conditional_source_reproduction,0.0444251,conditional_comparison,True,False,False,south_source_export_percent,0.043980849,99.0,False
1000.0,current_engine_header_model,model,unvalidated_model,0.00036740172236803144,conditional_comparison,True,False,False,south_source_export_percent,-7.684927763196856e-05,-0.17298616690107294,False
1000.0,pgt_shaped_xcom_density_aware_ln,model,unvalidated_model,0.0010857383709094513,conditional_comparison,True,False,False,south_source_export_percent,0.0006414873709094513,1.4439750746975275,False
1000.0,vendor_mcmaster_model,model,unvalidated_model,,unsupported_model,False,False,False,south_source_export_percent,,,False
1000.0,historical_report_effective,report_effective,conditional_report_reconstruction,,excluded_outside_range,False,False,False,south_source_export_percent,,,False
1173.0,south_source_export_percent,source_calibration_export,conditional_source_reproduction,0.00038891299999999995,conditional_comparison,True,False,False,south_source_export_percent,0.0,0.0,True
1173.0,south_source_export_fraction,source_calibration_export,conditional_source_reproduction,0.0388913,conditional_comparison,True,False,False,south_source_export_percent,0.038502387,99.00000000000001,False
1173.0,current_engine_header_model,model,unvalidated_model,0.000336637631626714,conditional_comparison,True,False,False,south_source_export_percent,-5.227536837328593e-05,-0.1344140421464079,False
1173.0,pgt_shaped_xcom_density_aware_ln,model,unvalidated_model,0.0010091582453125485,conditional_comparison,True,False,False,south_source_export_percent,0.0006202452453125485,1.5948174664064936,False
1173.0,vendor_mcmaster_model,model,unvalidated_model,,unsupported_model,False,False,False,south_source_export_percent,,,False
1173.0,historical_report_effective,report_effective,conditional_report_reconstruction,,excluded_outside_range,False,False,False,south_source_export_percent,,,False
1332.0,south_source_export_percent,source_calibration_export,conditional_source_reproduction,0.00035443000000000003,conditional_comparison,True,False,False,south_source_export_percent,0.0,0.0,True
1332.0,south_source_export_fraction,source_calibration_export,conditional_source_reproduction,0.035443,conditional_comparison,True,False,False,south_source_export_percent,0.03508857,98.99999999999999,False
1332.0,current_engine_header_model,model,unvalidated_model,0.00031929426747196626,conditional_comparison,True,False,False,south_source_export_percent,-3.513573252803378e-05,-0.09913306584666584,False
1332.0,pgt_shaped_xcom_density_aware_ln,model,unvalidated_model,0.000967255514964615,conditional_comparison,True,False,False,south_source_export_percent,0.000612825514964615,1.7290452697700955,False
1332.0,vendor_mcmaster_model,model,unvalidated_model,,unsupported_model,False,False,False,south_source_export_percent,,,False
1332.0,historical_report_effective,report_effective,conditional_report_reconstruction,0.0003583547777405466,conditional_comparison,True,False,False,south_source_export_percent,3.9247777405465915e-06,0.011073491918140652,False
1999.0,south_source_export_percent,source_calibration_export,conditional_source_reproduction,0.00029946,conditional_comparison,True,False,False,south_source_export_percent,0.0,0.0,True
1999.0,south_source_export_fraction,source_calibration_export,conditional_source_reproduction,0.029946,conditional_comparison,True,False,False,south_source_export_percent,0.02964654,99.0,False
1999.0,current_engine_header_model,model,unvalidated_model,0.00031311776834480875,conditional_comparison,True,False,False,south_source_export_percent,1.3657768344808765e-05,0.045607988862648656,False
1999.0,pgt_shaped_xcom_density_aware_ln,model,unvalidated_model,0.000976109207141066,conditional_comparison,True,False,False,south_source_export_percent,0.000676649207141066,2.259564573368951,False
1999.0,vendor_mcmaster_model,model,unvalidated_model,,unsupported_model,False,False,False,south_source_export_percent,,,False
1999.0,historical_report_effective,report_effective,conditional_report_reconstruction,,excluded_outside_range,False,False,False,south_source_export_percent,,,False
