sample_id,physical_sample_id,sample_kind,sample_group,material,tally,flux_wire_category,reaction,measurement_label,irradiation_pass,irradiation_phase,isotope,qg_file,measurement_time,measurement_time_from_qg,measurement_time_expected,measurement_time_expected_source,schedule_source,timing_match_status,irradiation_duration_s,decay_time_s,n_peaks,measured_activity_bq,measured_activity_unc_bq,measured_activity_basis,first_irradiation_activity_bq,first_irradiation_activity_unc_bq,first_irradiation_activity_source_sample_id,first_irradiation_activity_basis,second_irradiation_activity_bq,second_irradiation_activity_unc_bq,second_irradiation_activity_source_sample_id,second_irradiation_activity_basis,half_life_s,specific_activity_bq_g
RAFM1_Long_70d_EOI,RAFM1_Long_70d_EOI,RAFM1,RAFM1,not_applicable,not_applicable,not_applicable,not_applicable,70d,second_irradiation,phase2_whale_tube,Co58,RAFM1_Long_70d_EOI.txt,2025-07-01T14:57:31,2025-07-01T14:57:31,2025-07-01T14:57:31,qg_header_fallback,sample_schedule.irradiation_info.phase2,matched,7200.0,6048000.0,1,3607.5,358.53000000000003,qg_header,,,,,7156.016849231348,711.1979822466848,RAFM1_Long_70d_EOI,same_file_decay_correction,6122304.0,
RAFM1_Long_70d_EOI,RAFM1_Long_70d_EOI,RAFM1,RAFM1,not_applicable,not_applicable,not_applicable,not_applicable,70d,second_irradiation,phase2_whale_tube,Co60,RAFM1_Long_70d_EOI.txt,2025-07-01T14:57:31,2025-07-01T14:57:31,2025-07-01T14:57:31,qg_header_fallback,sample_schedule.irradiation_info.phase2,matched,7200.0,6048000.0,2,53058.0,4662.0,qg_header,,,,,54412.584527379026,4781.022071443345,RAFM1_Long_70d_EOI,same_file_decay_correction,166340109.6,
RAFM1_Long_70d_EOI,RAFM1_Long_70d_EOI,RAFM1,RAFM1,not_applicable,not_applicable,not_applicable,not_applicable,70d,second_irradiation,phase2_whale_tube,Cr51,RAFM1_Long_70d_EOI.txt,2025-07-01T14:57:31,2025-07-01T14:57:31,2025-07-01T14:57:31,qg_header_fallback,sample_schedule.irradiation_info.phase2,matched,7200.0,6048000.0,1,6685900.0,262552.0,qg_header,,,,,38550452.450970665,1513857.2805317533,RAFM1_Long_70d_EOI,same_file_decay_correction,2393539.1999999997,
RAFM1_Long_70d_EOI,RAFM1_Long_70d_EOI,RAFM1,RAFM1,not_applicable,not_applicable,not_applicable,not_applicable,70d,second_irradiation,phase2_whale_tube,Fe59,RAFM1_Long_70d_EOI.txt,2025-07-01T14:57:31,2025-07-01T14:57:31,2025-07-01T14:57:31,qg_header_fallback,sample_schedule.irradiation_info.phase2,matched,7200.0,6048000.0,4,324823.0,26270.0,qg_header,,,,,966877.056667479,78196.00298825721,RAFM1_Long_70d_EOI,same_file_decay_correction,3844368.0,
RAFM1_Long_70d_EOI,RAFM1_Long_70d_EOI,RAFM1,RAFM1,not_applicable,not_applicable,not_applicable,not_applicable,70d,second_irradiation,phase2_whale_tube,Mn54,RAFM1_Long_70d_EOI.txt,2025-07-01T14:57:31,2025-07-01T14:57:31,2025-07-01T14:57:31,qg_header_fallback,sample_schedule.irradiation_info.phase2,matched,7200.0,6048000.0,1,33744.0,2941.5,qg_header,,,,,39421.16638553831,3436.384569791991,RAFM1_Long_70d_EOI,same_file_decay_correction,26967168.0,
RAFM1_Long_70d_EOI,RAFM1_Long_70d_EOI,RAFM1,RAFM1,not_applicable,not_applicable,not_applicable,not_applicable,70d,second_irradiation,phase2_whale_tube,Sb124,RAFM1_Long_70d_EOI.txt,2025-07-01T14:57:31,2025-07-01T14:57:31,2025-07-01T14:57:31,qg_header_fallback,sample_schedule.irradiation_info.phase2,matched,7200.0,6048000.0,3,1502.1999999999998,173.53,qg_header,,,,,3364.0838277508187,388.60968355052563,RAFM1_Long_70d_EOI,same_file_decay_correction,5201280.0,
RAFM3-A_24hrEOI,A,RAFM,RAFM3,EUROFER97_2,tally_85244,not_applicable,not_applicable,24h,first_irradiation,phase1_rabbit_tube,Cr51,RAFM3-A_24hrEOI.txt,2025-08-01T10:50:13,2025-08-01T10:50:13,2025-08-01T10:50:13,schedule,sample_schedule.phase1,matched,3.0,91972.0,1,1398.6,444.0,qg_header,1437.1000217698374,456.22222913328176,RAFM3-A_24hrEOI,same_file_decay_correction,,,,,2393539.1999999997,
RAFM3-A_24hrEOI,A,RAFM,RAFM3,EUROFER97_2,tally_85244,not_applicable,not_applicable,24h,first_irradiation,phase1_rabbit_tube,Mn56,RAFM3-A_24hrEOI.txt,2025-08-01T10:50:13,2025-08-01T10:50:13,2025-08-01T10:50:13,schedule,sample_schedule.phase1,matched,3.0,91972.0,3,684.5,66.97,qg_header,748955.1144262409,73276.14903305384,RAFM3-A_24hrEOI,same_file_decay_correction,,,,,9284.400000000001,
RAFM3-A_24hrEOI,A,RAFM,RAFM3,EUROFER97_2,tally_85244,not_applicable,not_applicable,24h,first_irradiation,phase1_rabbit_tube,W187,RAFM3-A_24hrEOI.txt,2025-08-01T10:50:13,2025-08-01T10:50:13,2025-08-01T10:50:13,schedule,sample_schedule.phase1,matched,3.0,91972.0,7,19203.0,603.0999999999999,qg_header,40872.94883865821,1283.678354663061,RAFM3-A_24hrEOI,same_file_decay_correction,,,,,86040.0,
RAFM3-A_300sEOI,A,RAFM,RAFM3,EUROFER97_2,tally_85244,not_applicable,not_applicable,300s,first_irradiation,phase1_rabbit_tube,Al28,RAFM3-A_300sEOI.txt,2025-07-31T09:23:21,2025-07-31T09:23:21,2025-07-31T09:23:21,schedule,sample_schedule.phase1,matched,3.0,360.0,1,248381.0,170274.0,qg_header,3091913.2357387403,2119616.37283922,RAFM3-A_300sEOI,same_file_decay_correction,,,,,135.0,
RAFM3-A_300sEOI,A,RAFM,RAFM3,EUROFER97_2,tally_85244,not_applicable,not_applicable,300s,first_irradiation,phase1_rabbit_tube,Mn56,RAFM3-A_300sEOI.txt,2025-07-31T09:23:21,2025-07-31T09:23:21,2025-07-31T09:23:21,schedule,sample_schedule.phase1,matched,3.0,360.0,4,588559.0,40182.0,qg_header,611387.7909837586,41740.56333742138,RAFM3-A_300sEOI,same_file_decay_correction,,,,,9284.400000000001,
RAFM3-A_300sEOI,A,RAFM,RAFM3,EUROFER97_2,tally_85244,not_applicable,not_applicable,300s,first_irradiation,phase1_rabbit_tube,V52,RAFM3-A_300sEOI.txt,2025-07-31T09:23:21,2025-07-31T09:23:21,2025-07-31T09:23:21,schedule,sample_schedule.phase1,matched,3.0,360.0,1,95937300.0,12883400.0,qg_header,446882715.06229967,60011786.56511734,RAFM3-A_300sEOI,same_file_decay_correction,,,,,224.57999999999998,
RAFM3-A_300sEOI,A,RAFM,RAFM3,EUROFER97_2,tally_85244,not_applicable,not_applicable,300s,first_irradiation,phase1_rabbit_tube,W187,RAFM3-A_300sEOI.txt,2025-07-31T09:23:21,2025-07-31T09:23:21,2025-07-31T09:23:21,schedule,sample_schedule.phase1,matched,3.0,360.0,6,27639.0,3996.0,qg_header,27752.784802810653,4012.4508148641908,RAFM3-A_300sEOI,same_file_decay_correction,,,,,86040.0,
RAFM3-A_4dEOI,A,RAFM,RAFM3,EUROFER97_2,tally_85244,not_applicable,not_applicable,4d,first_irradiation,phase1_rabbit_tube,Cr51,RAFM3-A_4dEOI.txt,2025-08-04T08:04:07,2025-08-04T08:04:07,2025-08-04T08:04:07,schedule,sample_schedule.phase1,matched,3.0,341206.0,1,2090.5,278.24,qg_header,2308.815550028523,307.29722010999103,RAFM3-A_4dEOI,same_file_decay_correction,,,,,2393539.1999999997,
RAFM3-A_4dEOI,A,RAFM,RAFM3,EUROFER97_2,tally_85244,not_applicable,not_applicable,4d,first_irradiation,phase1_rabbit_tube,W187,RAFM3-A_4dEOI.txt,2025-08-04T08:04:07,2025-08-04T08:04:07,2025-08-04T08:04:07,schedule,sample_schedule.phase1,matched,3.0,341206.0,6,2593.7,135.05,qg_header,41113.73949154338,2140.729659688065,RAFM3-A_4dEOI,same_file_decay_correction,,,,,86040.0,
RAFM3-B_24hrEOI,B,RAFM,RAFM3,EUROFER97_3,tally_85234,not_applicable,not_applicable,24h,first_irradiation,phase1_rabbit_tube,Cr51,RAFM3-B_24hrEOI.txt,2025-08-01T11:50:39,2025-08-01T11:50:39,2025-08-01T11:50:39,schedule,sample_schedule.phase1,matched,3.0,94803.0,1,969.4000000000001,506.90000000000003,qg_header,996.9021574839192,521.2808991423547,RAFM3-B_24hrEOI,same_file_decay_correction,,,,,2393539.1999999997,
RAFM3-B_24hrEOI,B,RAFM,RAFM3,EUROFER97_3,tally_85234,not_applicable,not_applicable,24h,first_irradiation,phase1_rabbit_tube,Mn56,RAFM3-B_24hrEOI.txt,2025-08-01T11:50:39,2025-08-01T11:50:39,2025-08-01T11:50:39,schedule,sample_schedule.phase1,matched,3.0,94803.0,3,510.59999999999997,58.09,qg_header,690165.4896482049,78518.82744548419,RAFM3-B_24hrEOI,same_file_decay_correction,,,,,9284.400000000001,
RAFM3-B_24hrEOI,B,RAFM,RAFM3,EUROFER97_3,tally_85234,not_applicable,not_applicable,24h,first_irradiation,phase1_rabbit_tube,W187,RAFM3-B_24hrEOI.txt,2025-08-01T11:50:39,2025-08-01T11:50:39,2025-08-01T11:50:39,schedule,sample_schedule.phase1,matched,3.0,94803.0,7,19388.0,632.7,qg_header,42218.69270115993,1377.7474144844177,RAFM3-B_24hrEOI,same_file_decay_correction,,,,,86040.0,
RAFM3-B_2hrEOI,B,RAFM,RAFM3,EUROFER97_3,tally_85234,not_applicable,not_applicable,2h,first_irradiation,phase1_rabbit_tube,Mn56,RAFM3-B_2hrEOI.txt,2025-07-31T11:30:58,2025-07-31T11:30:58,2025-07-31T11:30:58,schedule,sample_schedule.phase1,matched,3.0,7222.0,4,363784.0,24457.0,qg_header,644930.2124043502,43358.30659065047,RAFM3-B_2hrEOI,same_file_decay_correction,,,,,9284.400000000001,
RAFM3-B_2hrEOI,B,RAFM,RAFM3,EUROFER97_3,tally_85234,not_applicable,not_applicable,2h,first_irradiation,phase1_rabbit_tube,W187,RAFM3-B_2hrEOI.txt,2025-07-31T11:30:58,2025-07-31T11:30:58,2025-07-31T11:30:58,schedule,sample_schedule.phase1,matched,3.0,7222.0,6,35779.0,1757.5,qg_header,38060.05732054667,1869.5478001302658,RAFM3-B_2hrEOI,same_file_decay_correction,,,,,86040.0,
RAFM3-B_300sEOI,B,RAFM,RAFM3,EUROFER97_3,tally_85234,not_applicable,not_applicable,300s,first_irradiation,phase1_rabbit_tube,Mn56,RAFM3-B_300sEOI.txt,2025-07-31T09:36:36,2025-07-31T09:36:36,2025-07-31T09:36:36,schedule,sample_schedule.phase1,matched,3.0,360.0,3,589114.0,40626.0,qg_header,611964.3181016789,42201.78503175753,RAFM3-B_300sEOI,same_file_decay_correction,,,,,9284.400000000001,
RAFM3-B_300sEOI,B,RAFM,RAFM3,EUROFER97_3,tally_85234,not_applicable,not_applicable,300s,first_irradiation,phase1_rabbit_tube,V52,RAFM3-B_300sEOI.txt,2025-07-31T09:36:36,2025-07-31T09:36:36,2025-07-31T09:36:36,schedule,sample_schedule.phase1,matched,3.0,360.0,1,94864300.0,12739100.0,qg_header,441884605.3254002,59339626.97981016,RAFM3-B_300sEOI,same_file_decay_correction,,,,,224.57999999999998,
RAFM3-B_300sEOI,B,RAFM,RAFM3,EUROFER97_3,tally_85234,not_applicable,not_applicable,300s,first_irradiation,phase1_rabbit_tube,W187,RAFM3-B_300sEOI.txt,2025-07-31T09:36:36,2025-07-31T09:36:36,2025-07-31T09:36:36,schedule,sample_schedule.phase1,matched,3.0,360.0,6,36408.0,3922.0,qg_header,36557.88520209596,3938.146170144483,RAFM3-B_300sEOI,same_file_decay_correction,,,,,86040.0,
RAFM3-B_4dEOI,B,RAFM,RAFM3,EUROFER97_3,tally_85234,not_applicable,not_applicable,4d,first_irradiation,phase1_rabbit_tube,Cr51,RAFM3-B_4dEOI.txt,2025-08-04T09:04:29,2025-08-04T09:04:29,2025-08-04T09:04:29,schedule,sample_schedule.phase1,matched,3.0,344033.0,1,1979.5,329.3,qg_header,2188.0141100262767,363.98739400437125,RAFM3-B_4dEOI,same_file_decay_correction,,,,,2393539.1999999997,
RAFM3-B_4dEOI,B,RAFM,RAFM3,EUROFER97_3,tally_85234,not_applicable,not_applicable,4d,first_irradiation,phase1_rabbit_tube,Fe59,RAFM3-B_4dEOI.txt,2025-08-04T09:04:29,2025-08-04T09:04:29,2025-08-04T09:04:29,schedule,sample_schedule.phase1,matched,3.0,344033.0,1,27.823999999999998,73.038,qg_line_activity,29.6141804643352,77.7372237188799,RAFM3-B_4dEOI,same_file_decay_correction,,,,,3844368.0,
RAFM3-B_4dEOI,B,RAFM,RAFM3,EUROFER97_3,tally_85234,not_applicable,not_applicable,4d,first_irradiation,phase1_rabbit_tube,W187,RAFM3-B_4dEOI.txt,2025-08-04T09:04:29,2025-08-04T09:04:29,2025-08-04T09:04:29,schedule,sample_schedule.phase1,matched,3.0,344033.0,6,2553.0,135.42000000000002,qg_header,41400.81953436781,2196.0434709534234,RAFM3-B_4dEOI,same_file_decay_correction,,,,,86040.0,
RAFM3-C_24hrEOI,C,RAFM,RAFM3,EUROFER97_4,tally_85224,not_applicable,not_applicable,24h,first_irradiation,phase1_rabbit_tube,Cr51,RAFM3-C_24hrEOI.txt,2025-08-01T12:51:07,2025-08-01T12:51:07,2025-08-01T12:51:07,schedule,sample_schedule.phase1,matched,3.0,97565.0,1,2057.2,506.90000000000003,qg_header,2117.256167523746,521.6980125013548,RAFM3-C_24hrEOI,same_file_decay_correction,,,,,2393539.1999999997,
RAFM3-C_24hrEOI,C,RAFM,RAFM3,EUROFER97_4,tally_85224,not_applicable,not_applicable,24h,first_irradiation,phase1_rabbit_tube,Mn56,RAFM3-C_24hrEOI.txt,2025-08-01T12:51:07,2025-08-01T12:51:07,2025-08-01T12:51:07,schedule,sample_schedule.phase1,matched,3.0,97565.0,3,365.56,44.769999999999996,qg_header,607273.0207991082,74372.50558369645,RAFM3-C_24hrEOI,same_file_decay_correction,,,,,9284.400000000001,
RAFM3-C_24hrEOI,C,RAFM,RAFM3,EUROFER97_4,tally_85224,not_applicable,not_applicable,24h,first_irradiation,phase1_rabbit_tube,W187,RAFM3-C_24hrEOI.txt,2025-08-01T12:51:07,2025-08-01T12:51:07,2025-08-01T12:51:07,schedule,sample_schedule.phase1,matched,3.0,97565.0,7,17649.0,558.7,qg_header,39296.6331036161,1243.9814672213902,RAFM3-C_24hrEOI,same_file_decay_correction,,,,,86040.0,
RAFM3-C_2hrEOI,C,RAFM,RAFM3,EUROFER97_4,tally_85224,not_applicable,not_applicable,2h,first_irradiation,phase1_rabbit_tube,Mn56,RAFM3-C_2hrEOI.txt,2025-07-31T12:25:47,2025-07-31T12:25:47,2025-07-31T12:25:47,schedule,sample_schedule.phase1,matched,3.0,9645.0,4,260073.0,17242.0,qg_header,552491.7778015814,36628.42060827101,RAFM3-C_2hrEOI,same_file_decay_correction,,,,,9284.400000000001,
RAFM3-C_2hrEOI,C,RAFM,RAFM3,EUROFER97_4,tally_85224,not_applicable,not_applicable,2h,first_irradiation,phase1_rabbit_tube,W187,RAFM3-C_2hrEOI.txt,2025-07-31T12:25:47,2025-07-31T12:25:47,2025-07-31T12:25:47,schedule,sample_schedule.phase1,matched,3.0,9645.0,6,36038.0,1672.3999999999999,qg_header,39091.22885594313,1814.089881199825,RAFM3-C_2hrEOI,same_file_decay_correction,,,,,86040.0,
RAFM3-C_300sEOI,C,RAFM,RAFM3,EUROFER97_4,tally_85224,not_applicable,not_applicable,300s,first_irradiation,phase1_rabbit_tube,Mn56,RAFM3-C_300sEOI.txt,2025-07-31T09:51:02,2025-07-31T09:51:02,2025-07-31T09:51:02,schedule,sample_schedule.phase1,matched,3.0,360.0,3,481592.0,33189.0,qg_header,500271.7977899417,34476.321651627055,RAFM3-C_300sEOI,same_file_decay_correction,,,,,9284.400000000001,
RAFM3-C_300sEOI,C,RAFM,RAFM3,EUROFER97_4,tally_85224,not_applicable,not_applicable,300s,first_irradiation,phase1_rabbit_tube,V52,RAFM3-C_300sEOI.txt,2025-07-31T09:51:02,2025-07-31T09:51:02,2025-07-31T09:51:02,schedule,sample_schedule.phase1,matched,3.0,360.0,1,104417700.0,14019300.0,qg_header,486385016.84496737,65302888.94176611,RAFM3-C_300sEOI,same_file_decay_correction,,,,,224.57999999999998,
RAFM3-C_300sEOI,C,RAFM,RAFM3,EUROFER97_4,tally_85224,not_applicable,not_applicable,300s,first_irradiation,phase1_rabbit_tube,W187,RAFM3-C_300sEOI.txt,2025-07-31T09:51:02,2025-07-31T09:51:02,2025-07-31T09:51:02,schedule,sample_schedule.phase1,matched,3.0,360.0,5,37074.0,3200.4999999999995,qg_header,37226.627004573325,3213.675884127337,RAFM3-C_300sEOI,same_file_decay_correction,,,,,86040.0,
RAFM3-C_4dEOI,C,RAFM,RAFM3,EUROFER97_4,tally_85224,not_applicable,not_applicable,4d,first_irradiation,phase1_rabbit_tube,Cr51,RAFM3-C_4dEOI.txt,2025-08-04T10:04:50,2025-08-04T10:04:50,2025-08-04T10:04:50,schedule,sample_schedule.phase1,matched,3.0,346788.0,1,2249.6,254.19,qg_header,2488.550198669433,281.1898004088652,RAFM3-C_4dEOI,same_file_decay_correction,,,,,2393539.1999999997,
RAFM3-C_4dEOI,C,RAFM,RAFM3,EUROFER97_4,tally_85224,not_applicable,not_applicable,4d,first_irradiation,phase1_rabbit_tube,Fe59,RAFM3-C_4dEOI.txt,2025-08-04T10:04:50,2025-08-04T10:04:50,2025-08-04T10:04:50,schedule,sample_schedule.phase1,matched,3.0,346788.0,1,73.26,55.535806451612906,qg_line_activity,78.01224862855867,59.13831750874609,RAFM3-C_4dEOI,same_file_decay_correction,,,,,3844368.0,
RAFM3-C_4dEOI,C,RAFM,RAFM3,EUROFER97_4,tally_85224,not_applicable,not_applicable,4d,first_irradiation,phase1_rabbit_tube,W187,RAFM3-C_4dEOI.txt,2025-08-04T10:04:50,2025-08-04T10:04:50,2025-08-04T10:04:50,schedule,sample_schedule.phase1,matched,3.0,346788.0,6,2353.2000000000003,112.11,qg_header,39017.185705251,1858.837620863373,RAFM3-C_4dEOI,same_file_decay_correction,,,,,86040.0,
RAFM3-N_24hrEOI,N,RAFM,RAFM3,CNA,tally_85214,not_applicable,not_applicable,24h,first_irradiation,phase1_rabbit_tube,Cr51,RAFM3-N_24hrEOI.txt,2025-08-01T13:51:32,2025-08-01T13:51:32,2025-08-01T13:51:32,schedule,sample_schedule.phase1,matched,3.0,100557.0,1,2105.3,395.9,qg_header,2168.6385745491225,407.81076885194386,RAFM3-N_24hrEOI,same_file_decay_correction,,,,,2393539.1999999997,
RAFM3-N_24hrEOI,N,RAFM,RAFM3,CNA,tally_85214,not_applicable,not_applicable,24h,first_irradiation,phase1_rabbit_tube,Mn56,RAFM3-N_24hrEOI.txt,2025-08-01T13:51:32,2025-08-01T13:51:32,2025-08-01T13:51:32,schedule,sample_schedule.phase1,matched,3.0,100557.0,3,314.87,46.25,qg_header,653983.5572644752,96061.03955118613,RAFM3-N_24hrEOI,same_file_decay_correction,,,,,9284.400000000001,
RAFM3-N_24hrEOI,N,RAFM,RAFM3,CNA,tally_85214,not_applicable,not_applicable,24h,first_irradiation,phase1_rabbit_tube,W187,RAFM3-N_24hrEOI.txt,2025-08-01T13:51:32,2025-08-01T13:51:32,2025-08-01T13:51:32,schedule,sample_schedule.phase1,matched,3.0,100557.0,7,20128.0,658.6,qg_header,45909.65586689244,1502.1909456446424,RAFM3-N_24hrEOI,same_file_decay_correction,,,,,86040.0,
RAFM3-N_2hrEOI,N,RAFM,RAFM3,CNA,tally_85214,not_applicable,not_applicable,2h,first_irradiation,phase1_rabbit_tube,Mn56,RAFM3-N_2hrEOI.txt,2025-07-31T12:42:11,2025-07-31T12:42:11,2025-07-31T12:42:11,schedule,sample_schedule.phase1,matched,3.0,9996.0,4,297073.0,19795.0,qg_header,647849.7245356773,43168.46464398896,RAFM3-N_2hrEOI,same_file_decay_correction,,,,,9284.400000000001,
RAFM3-N_2hrEOI,N,RAFM,RAFM3,CNA,tally_85214,not_applicable,not_applicable,2h,first_irradiation,phase1_rabbit_tube,W187,RAFM3-N_2hrEOI.txt,2025-07-31T12:42:11,2025-07-31T12:42:11,2025-07-31T12:42:11,schedule,sample_schedule.phase1,matched,3.0,9996.0,6,40811.0,1768.6000000000001,qg_header,44393.96443172034,1923.8726199784521,RAFM3-N_2hrEOI,same_file_decay_correction,,,,,86040.0,
RAFM3-N_300sEOI,N,RAFM,RAFM3,CNA,tally_85214,not_applicable,not_applicable,300s,first_irradiation,phase1_rabbit_tube,Al28,RAFM3-N_300sEOI.txt,2025-07-31T10:01:35,2025-07-31T10:01:35,2025-07-31T10:01:35,schedule,sample_schedule.phase1,matched,3.0,360.0,1,555888.0,133792.0,qg_header,6919842.760872759,1665478.6623612817,RAFM3-N_300sEOI,same_file_decay_correction,,,,,135.0,
RAFM3-N_300sEOI,N,RAFM,RAFM3,CNA,tally_85214,not_applicable,not_applicable,300s,first_irradiation,phase1_rabbit_tube,Mn56,RAFM3-N_300sEOI.txt,2025-07-31T10:01:35,2025-07-31T10:01:35,2025-07-31T10:01:35,schedule,sample_schedule.phase1,matched,3.0,360.0,3,595256.0,41107.0,qg_header,618344.5515399956,42701.441867288355,RAFM3-N_300sEOI,same_file_decay_correction,,,,,9284.400000000001,
RAFM3-N_300sEOI,N,RAFM,RAFM3,CNA,tally_85214,not_applicable,not_applicable,300s,first_irradiation,phase1_rabbit_tube,V52,RAFM3-N_300sEOI.txt,2025-07-31T10:01:35,2025-07-31T10:01:35,2025-07-31T10:01:35,schedule,sample_schedule.phase1,matched,3.0,360.0,1,31557300.0,4243900.0,qg_header,146996130.8483302,19768385.752495576,RAFM3-N_300sEOI,same_file_decay_correction,,,,,224.57999999999998,
RAFM3-N_300sEOI,N,RAFM,RAFM3,CNA,tally_85214,not_applicable,not_applicable,300s,first_irradiation,phase1_rabbit_tube,W187,RAFM3-N_300sEOI.txt,2025-07-31T10:01:35,2025-07-31T10:01:35,2025-07-31T10:01:35,schedule,sample_schedule.phase1,matched,3.0,360.0,5,40330.0,3640.8,qg_header,40496.03137224044,3655.7885202095963,RAFM3-N_300sEOI,same_file_decay_correction,,,,,86040.0,
RAFM3-N_4dEOI,N,RAFM,RAFM3,CNA,tally_85214,not_applicable,not_applicable,4d,first_irradiation,phase1_rabbit_tube,Cr51,RAFM3-N_4dEOI.txt,2025-08-04T11:05:13,2025-08-04T11:05:13,2025-08-04T11:05:13,schedule,sample_schedule.phase1,matched,3.0,349778.0,1,1598.4,244.57000000000002,qg_header,1769.712093744495,270.7823365659979,RAFM3-N_4dEOI,same_file_decay_correction,,,,,2393539.1999999997,
RAFM3-N_4dEOI,N,RAFM,RAFM3,CNA,tally_85214,not_applicable,not_applicable,4d,first_irradiation,phase1_rabbit_tube,Fe59,RAFM3-N_4dEOI.txt,2025-08-04T11:05:13,2025-08-04T11:05:13,2025-08-04T11:05:13,schedule,sample_schedule.phase1,matched,3.0,349778.0,1,110.26,52.910000000000004,qg_header,117.4756886189695,56.37256198829744,RAFM3-N_4dEOI,same_file_decay_correction,,,,,3844368.0,
RAFM3-N_4dEOI,N,RAFM,RAFM3,CNA,tally_85214,not_applicable,not_applicable,4d,first_irradiation,phase1_rabbit_tube,W187,RAFM3-N_4dEOI.txt,2025-08-04T11:05:13,2025-08-04T11:05:13,2025-08-04T11:05:13,schedule,sample_schedule.phase1,matched,3.0,349778.0,6,2527.1,115.44,qg_header,42922.07468881747,1960.71556411582,RAFM3-N_4dEOI,same_file_decay_correction,,,,,86040.0,
RAFM4-A_15dEOI,A,RAFM,RAFM4,EUROFER97_2,tally_85244,not_applicable,not_applicable,15d,second_irradiation,phase2_whale_tube,Co60,RAFM4-A_15dEOI.txt,2025-08-20T13:36:40,2025-08-20T13:36:40,2025-08-20T13:36:40,schedule,sample_schedules.phase2,matched,7200.0,1377400.0,2,3811.0,381.1,qg_header,3838.8184202502002,383.8818420250201,RAFM4-A_15dEOI,same_file_decay_correction,3832.9656095258715,383.2965609525872,RAFM4-A_15dEOI,same_file_decay_correction,166340109.6,
RAFM4-A_15dEOI,A,RAFM,RAFM4,EUROFER97_2,tally_85244,not_applicable,not_applicable,15d,second_irradiation,phase2_whale_tube,Cr51,RAFM4-A_15dEOI.txt,2025-08-20T13:36:40,2025-08-20T13:36:40,2025-08-20T13:36:40,schedule,sample_schedules.phase2,matched,7200.0,1377400.0,1,6845000.0,268768.0,qg_header,11347058.007908596,445540.6992943137,RAFM4-A_15dEOI,same_file_decay_correction,10205453.029557444,400715.73409029876,RAFM4-A_15dEOI,same_file_decay_correction,2393539.1999999997,
RAFM4-A_15dEOI,A,RAFM,RAFM4,EUROFER97_2,tally_85244,not_applicable,not_applicable,15d,second_irradiation,phase2_whale_tube,Fe59,RAFM4-A_15dEOI.txt,2025-08-20T13:36:40,2025-08-20T13:36:40,2025-08-20T13:36:40,schedule,sample_schedules.phase2,matched,7200.0,1377400.0,3,334961.00000000006,27639.0,qg_header,458841.93447074876,37860.92179936477,RAFM4-A_15dEOI,same_file_decay_correction,429527.8520641068,35442.097149219895,RAFM4-A_15dEOI,same_file_decay_correction,3844368.0,
RAFM4-A_15dEOI,A,RAFM,RAFM4,EUROFER97_2,tally_85244,not_applicable,not_applicable,15d,second_irradiation,phase2_whale_tube,Mn54,RAFM4-A_15dEOI.txt,2025-08-20T13:36:40,2025-08-20T13:36:40,2025-08-20T13:36:40,schedule,sample_schedules.phase2,matched,7200.0,1377400.0,1,20128.0,1813.0,qg_header,21051.535308340095,1896.186084758575,RAFM4-A_15dEOI,same_file_decay_correction,20854.337753565615,1878.4238050086674,RAFM4-A_15dEOI,same_file_decay_correction,26967168.0,
RAFM4-A_15dEOI,A,RAFM,RAFM4,EUROFER97_2,tally_85244,not_applicable,not_applicable,15d,second_irradiation,phase2_whale_tube,Ta182,RAFM4-A_15dEOI.txt,2025-08-20T13:36:40,2025-08-20T13:36:40,2025-08-20T13:36:40,schedule,sample_schedules.phase2,matched,7200.0,1377400.0,15,736966.0,32893.0,qg_header,832894.1636488561,37174.56127542088,RAFM4-A_15dEOI,same_file_decay_correction,811785.1030351153,36232.40067266882,RAFM4-A_15dEOI,same_file_decay_correction,9886752.0,
RAFM4-A_15dEOI,A,RAFM,RAFM4,EUROFER97_2,tally_85244,not_applicable,not_applicable,15d,second_irradiation,phase2_whale_tube,W187,RAFM4-A_15dEOI.txt,2025-08-20T13:36:40,2025-08-20T13:36:40,2025-08-20T13:36:40,schedule,sample_schedules.phase2,matched,7200.0,1377400.0,2,6734.0,821.4000000000001,qg_header,8605634677.304401,1049698295.8030645,RAFM4-A_15dEOI,same_file_decay_correction,450499744.7870782,54951067.77073152,RAFM4-A_15dEOI,same_file_decay_correction,86040.0,
RAFM4-B_15dEOI,B,RAFM,RAFM4,EUROFER97_3,tally_85234,not_applicable,not_applicable,15d,second_irradiation,phase2_whale_tube,Co60,RAFM4-B_15dEOI.txt,2025-08-20T14:45:31,2025-08-20T14:45:31,2025-08-20T14:45:31,schedule,sample_schedules.phase2,matched,7200.0,1381531.0,2,1949.8999999999999,249.01,qg_header,1964.1606123649021,250.8311370249676,RAFM4-B_15dEOI,same_file_decay_correction,1961.172474254913,250.44953988113025,RAFM4-B_15dEOI,same_file_decay_correction,166340109.6,
RAFM4-B_15dEOI,B,RAFM,RAFM4,EUROFER97_3,tally_85234,not_applicable,not_applicable,15d,second_irradiation,phase2_whale_tube,Cr51,RAFM4-B_15dEOI.txt,2025-08-20T14:45:31,2025-08-20T14:45:31,2025-08-20T14:45:31,schedule,sample_schedules.phase2,matched,7200.0,1381531.0,1,6830200.0,268102.0,qg_header,11333467.523898793,444866.2279424196,RAFM4-B_15dEOI,same_file_decay_correction,10195576.861306481,400201.24559602793,RAFM4-B_15dEOI,same_file_decay_correction,2393539.1999999997,
RAFM4-B_15dEOI,B,RAFM,RAFM4,EUROFER97_3,tally_85234,not_applicable,not_applicable,15d,second_irradiation,phase2_whale_tube,Fe59,RAFM4-B_15dEOI.txt,2025-08-20T14:45:31,2025-08-20T14:45:31,2025-08-20T14:45:31,schedule,sample_schedules.phase2,matched,7200.0,1381531.0,3,321863.0,26381.0,qg_header,441165.0863492877,36159.40988240512,RAFM4-B_15dEOI,same_file_decay_correction,413039.52745273197,33854.14220873639,RAFM4-B_15dEOI,same_file_decay_correction,3844368.0,
RAFM4-B_15dEOI,B,RAFM,RAFM4,EUROFER97_3,tally_85234,not_applicable,not_applicable,15d,second_irradiation,phase2_whale_tube,Mn54,RAFM4-B_15dEOI.txt,2025-08-20T14:45:31,2025-08-20T14:45:31,2025-08-20T14:45:31,schedule,sample_schedules.phase2,matched,7200.0,1381531.0,1,18241.0,1650.2,qg_header,19079.589810188787,1726.0643114288437,RAFM4-B_15dEOI,same_file_decay_correction,18901.250429382384,1709.9305662281022,RAFM4-B_15dEOI,same_file_decay_correction,26967168.0,
RAFM4-B_15dEOI,B,RAFM,RAFM4,EUROFER97_3,tally_85234,not_applicable,not_applicable,15d,second_irradiation,phase2_whale_tube,Ta182,RAFM4-B_15dEOI.txt,2025-08-20T14:45:31,2025-08-20T14:45:31,2025-08-20T14:45:31,schedule,sample_schedules.phase2,matched,7200.0,1381531.0,15,675879.0,30044.000000000004,qg_header,764034.36613693,33962.65973083633,RAFM4-B_15dEOI,same_file_decay_correction,744712.0104296706,33103.74732955015,RAFM4-B_15dEOI,same_file_decay_correction,9886752.0,
RAFM4-B_15dEOI,B,RAFM,RAFM4,EUROFER97_3,tally_85234,not_applicable,not_applicable,15d,second_irradiation,phase2_whale_tube,W187,RAFM4-B_15dEOI.txt,2025-08-20T14:45:31,2025-08-20T14:45:31,2025-08-20T14:45:31,schedule,sample_schedules.phase2,matched,7200.0,1381531.0,2,4181.0,695.6,qg_header,5488601449.756522,913147851.8178992,RAFM4-B_15dEOI,same_file_decay_correction,289171057.4875215,48109875.05102128,RAFM4-B_15dEOI,same_file_decay_correction,86040.0,
RAFM4-C_15dEOI,C,RAFM,RAFM4,EUROFER97_4,tally_85224,not_applicable,not_applicable,15d,second_irradiation,phase2_whale_tube,Co60,RAFM4-C_15dEOI.txt,2025-08-20T15:53:48,2025-08-20T15:53:48,2025-08-20T15:53:48,schedule,sample_schedules.phase2,matched,7200.0,1385628.0,2,2449.3999999999996,292.3,qg_header,2467.3469298815053,294.4417031127477,RAFM4-C_15dEOI,same_file_decay_correction,2463.602169204351,293.9948207962897,RAFM4-C_15dEOI,same_file_decay_correction,166340109.6,
RAFM4-C_15dEOI,C,RAFM,RAFM4,EUROFER97_4,tally_85224,not_applicable,not_applicable,15d,second_irradiation,phase2_whale_tube,Cr51,RAFM4-C_15dEOI.txt,2025-08-20T15:53:48,2025-08-20T15:53:48,2025-08-20T15:53:48,schedule,sample_schedules.phase2,matched,7200.0,1385628.0,1,6745100.0,264846.0,qg_header,11202736.7826909,439874.8759764205,RAFM4-C_15dEOI,same_file_decay_correction,10080499.336240206,395810.28112346353,RAFM4-C_15dEOI,same_file_decay_correction,2393539.1999999997,
RAFM4-C_15dEOI,C,RAFM,RAFM4,EUROFER97_4,tally_85224,not_applicable,not_applicable,15d,second_irradiation,phase2_whale_tube,Fe59,RAFM4-C_15dEOI.txt,2025-08-20T15:53:48,2025-08-20T15:53:48,2025-08-20T15:53:48,schedule,sample_schedules.phase2,matched,7200.0,1385628.0,3,335294.0,27565.0,qg_header,459842.24099061533,37804.28928912033,RAFM4-C_15dEOI,same_file_decay_correction,430593.1873246712,35399.682692218055,RAFM4-C_15dEOI,same_file_decay_correction,3844368.0,
RAFM4-C_15dEOI,C,RAFM,RAFM4,EUROFER97_4,tally_85224,not_applicable,not_applicable,15d,second_irradiation,phase2_whale_tube,Mn54,RAFM4-C_15dEOI.txt,2025-08-20T15:53:48,2025-08-20T15:53:48,2025-08-20T15:53:48,schedule,sample_schedules.phase2,matched,7200.0,1385628.0,1,18130.0,1639.1,qg_header,18965.06176703602,1714.5964005708074,RAFM4-C_15dEOI,same_file_decay_correction,18788.211098996315,1698.607656501095,RAFM4-C_15dEOI,same_file_decay_correction,26967168.0,
RAFM4-C_15dEOI,C,RAFM,RAFM4,EUROFER97_4,tally_85224,not_applicable,not_applicable,15d,second_irradiation,phase2_whale_tube,Ta182,RAFM4-C_15dEOI.txt,2025-08-20T15:53:48,2025-08-20T15:53:48,2025-08-20T15:53:48,schedule,sample_schedules.phase2,matched,7200.0,1385628.0,15,633773.0,28046.0,qg_header,716598.757789894,31711.241660618813,RAFM4-C_15dEOI,same_file_decay_correction,698518.4527063987,30911.14409197561,RAFM4-C_15dEOI,same_file_decay_correction,9886752.0,
RAFM4-C_15dEOI,C,RAFM,RAFM4,EUROFER97_4,tally_85224,not_applicable,not_applicable,15d,second_irradiation,phase2_whale_tube,W187,RAFM4-C_15dEOI.txt,2025-08-20T15:53:48,2025-08-20T15:53:48,2025-08-20T15:53:48,schedule,sample_schedules.phase2,matched,7200.0,1385628.0,2,5106.0,688.1999999999999,qg_header,6879655762.799259,927257950.638161,RAFM4-C_15dEOI,same_file_decay_correction,364997363.98717886,49195296.88522845,RAFM4-C_15dEOI,same_file_decay_correction,86040.0,
RAFM4-N_15dEOI,N,RAFM,RAFM4,CNA,tally_85214,not_applicable,not_applicable,15d,second_irradiation,phase2_whale_tube,Co60,RAFM4-N_15dEOI.txt,2025-08-20T17:01:51,2025-08-20T17:01:51,2025-08-20T17:01:51,schedule,sample_schedules.phase2,matched,7200.0,1389711.0,2,1383.8000000000002,208.30999999999997,qg_header,1393.959241930847,209.83931903932265,RAFM4-N_15dEOI,same_file_decay_correction,1391.8472627634303,209.52139276358585,RAFM4-N_15dEOI,same_file_decay_correction,166340109.6,
RAFM4-N_15dEOI,N,RAFM,RAFM4,CNA,tally_85214,not_applicable,not_applicable,15d,second_irradiation,phase2_whale_tube,Cr51,RAFM4-N_15dEOI.txt,2025-08-20T17:01:51,2025-08-20T17:01:51,2025-08-20T17:01:51,schedule,sample_schedules.phase2,matched,7200.0,1389711.0,1,6671100.0,261849.0,qg_header,11090907.640849,435331.96547026274,RAFM4-N_15dEOI,same_file_decay_correction,9981702.300071089,391794.27164505323,RAFM4-N_15dEOI,same_file_decay_correction,2393539.1999999997,
RAFM4-N_15dEOI,N,RAFM,RAFM4,CNA,tally_85214,not_applicable,not_applicable,15d,second_irradiation,phase2_whale_tube,Fe59,RAFM4-N_15dEOI.txt,2025-08-20T17:01:51,2025-08-20T17:01:51,2025-08-20T17:01:51,schedule,sample_schedules.phase2,matched,7200.0,1389711.0,3,339882.0,27972.0,qg_header,466424.5439021709,38386.343913568606,RAFM4-N_15dEOI,same_file_decay_correction,436806.6619855721,35948.817380915796,RAFM4-N_15dEOI,same_file_decay_correction,3844368.0,
RAFM4-N_15dEOI,N,RAFM,RAFM4,CNA,tally_85214,not_applicable,not_applicable,15d,second_irradiation,phase2_whale_tube,Mn54,RAFM4-N_15dEOI.txt,2025-08-20T17:01:51,2025-08-20T17:01:51,2025-08-20T17:01:51,schedule,sample_schedules.phase2,matched,7200.0,1389711.0,1,20128.0,1790.8,qg_header,21056.956159451835,1873.4497759512294,RAFM4-N_15dEOI,same_file_decay_correction,20860.937823985354,1856.0099093398735,RAFM4-N_15dEOI,same_file_decay_correction,26967168.0,
RAFM4-N_15dEOI,N,RAFM,RAFM4,CNA,tally_85214,not_applicable,not_applicable,15d,second_irradiation,phase2_whale_tube,Ta182,RAFM4-N_15dEOI.txt,2025-08-20T17:01:51,2025-08-20T17:01:51,2025-08-20T17:01:51,schedule,sample_schedules.phase2,matched,7200.0,1389711.0,14,456136.0,21608.0,qg_header,515871.7101640642,24437.7902933009,RAFM4-N_15dEOI,same_file_decay_correction,502878.21034354053,23822.264344632356,RAFM4-N_15dEOI,same_file_decay_correction,9886752.0,
RAFM4-N_15dEOI,N,RAFM,RAFM4,CNA,tally_85214,not_applicable,not_applicable,15d,second_irradiation,phase2_whale_tube,Tb154m,RAFM4-N_15dEOI.txt,2025-08-20T17:01:51,2025-08-20T17:01:51,2025-08-20T17:01:51,schedule,sample_schedules.phase2,matched,7200.0,1389711.0,1,332334.0,13098.0,qg_header,972286360322.3385,38319903312.63725,RAFM4-N_15dEOI,same_file_decay_correction,44405161814.58211,1750103237.8492615,RAFM4-N_15dEOI,same_file_decay_correction,81720.0,
RAFM4-N_15dEOI,N,RAFM,RAFM4,CNA,tally_85214,not_applicable,not_applicable,15d,second_irradiation,phase2_whale_tube,W187,RAFM4-N_15dEOI.txt,2025-08-20T17:01:51,2025-08-20T17:01:51,2025-08-20T17:01:51,schedule,sample_schedules.phase2,matched,7200.0,1389711.0,2,6400.999999999999,666.0,qg_header,8867563636.838509,922636678.9774172,RAFM4-N_15dEOI,same_file_decay_correction,472870285.58373934,49200376.53472433,RAFM4-N_15dEOI,same_file_decay_correction,86040.0,
Co-Cd-RAFM-1_25cm,Co-Cd-RAFM-1_25cm,flux_wire,flux_wires,Co-Cd-RAFM-1,phase2_whale_tube,epithermal,"Co-59(n,g)Co-60 [Cd]",,second_irradiation,phase2_whale_tube,Co60,Co-Cd-RAFM-1_25cm.txt,2025-08-28T09:55:22,2025-08-28T09:55:22,2025-08-28T12:55:00,schedule,sample_schedule.flux_wires,matched_known_offset,7200.0,2066100.0,2,234.95,22.126,qg_header,,,,,237.04554021009517,22.323343786714474,Co-Cd-RAFM-1_25cm,same_file_decay_correction,166340109.6,
Co-RAFM-1_25cm,Co-RAFM-1_25cm,flux_wire,flux_wires,Co-RAFM-1,phase2_whale_tube,thermal,"Co-59(n,g)Co-60 [bare]",,second_irradiation,phase2_whale_tube,Co60,Co-RAFM-1_25cm.txt,2025-08-27T14:41:57,2025-08-27T14:41:57,2025-08-27T15:41:00,schedule,sample_schedule.flux_wires,matched_known_offset,7200.0,1989660.0,2,2035.0,178.71,qg_header,,,,,2052.127036495325,180.21406520495307,Co-RAFM-1_25cm,same_file_decay_correction,166340109.6,
Cu-Cd-RAFM-1_25cm,Cu-Cd-RAFM-1,flux_wire,flux_wires,Cu-Cd-RAFM-1,phase2_whale_tube,epithermal,CU63 -> CU64,,second_irradiation,phase2_whale_tube,Cu64,Cu-Cd-RAFM-1_25cm.txt,2025-08-07T09:01:20,2025-08-07T09:01:20,2025-08-07T09:01:20,irradiation_plus_decay_fallback,flux_wire_metadata.phase2_qg_header,matched,7200.0,237680.0,1,1090982.0,141932.0,qg_header,,,,,41155293.93366166,5354124.24640596,Cu-Cd-RAFM-1_25cm,same_file_decay_correction,45723.6,
Cu-RAFM-1_25cm,CU-RAFM-1,flux_wire,flux_wires,CU-RAFM-1,phase2_whale_tube,thermal,"Cu-63(n,g)Cu-64 [bare]",,second_irradiation,phase2_whale_tube,Cu64,Cu-RAFM-1_25cm.txt,2025-08-07T10:40:36,2025-08-07T10:40:36,2025-08-07T11:40:00,schedule,sample_schedule.flux_wires,matched_known_offset,7200.0,247200.0,1,3172380.0,409923.0,qg_header,,,,,138251563.6592069,17864346.556803748,Cu-RAFM-1_25cm,same_file_decay_correction,45723.6,
Fe-Cd-RAFM-1_0cm,Fe-Cd-RAFM-1,flux_wire,flux_wires,Fe-Cd-RAFM-1,phase2_whale_tube,epithermal,FE58 -> FE59,,second_irradiation,phase2_whale_tube,Fe59,Fe-Cd-RAFM-1_0cm.txt,2025-08-18T13:54:31,2025-08-18T13:54:31,2025-08-18T13:54:31,irradiation_plus_decay_fallback,flux_wire_metadata.phase2_qg_header,matched,7200.0,1205671.0,4,61.42,5.6610000000000005,qg_header,,,,,76.63181916332157,7.063053212041084,Fe-Cd-RAFM-1_0cm,same_file_decay_correction,3844368.0,
In-Cd-RAFM-1_25cm,In-Cd-RAFM-1_25cm,flux_wire,flux_wires,In-Cd-RAFM-1,phase2_whale_tube,fast,"In-113,115(n,n')In-113m,115m",,second_irradiation,phase2_whale_tube,In114m,In-Cd-RAFM-1_25cm.txt,2025-08-07T07:40:17,2025-08-07T07:40:17,2025-08-07T08:40:00,schedule,sample_schedule.flux_wires,matched_known_offset,7200.0,236400.0,3,219706.0,5957.0,qg_header,,,,,228351.9083849003,6191.420890867118,In-Cd-RAFM-1_25cm,same_file_decay_correction,4277664.0,
In-Cd-RAFM-1_25cm,In-Cd-RAFM-1_25cm,flux_wire,flux_wires,In-Cd-RAFM-1,phase2_whale_tube,fast,"In-113,115(n,n')In-113m,115m",,second_irradiation,phase2_whale_tube,In115m,In-Cd-RAFM-1_25cm.txt,2025-08-07T07:40:17,2025-08-07T07:40:17,2025-08-07T08:40:00,schedule,sample_schedule.flux_wires,matched_known_offset,7200.0,236400.0,1,11988.0,518.0,qg_header,,,,,330654166.4719535,14287525.711751077,In-Cd-RAFM-1_25cm,same_file_decay_correction,16146.000000000002,
Ni-RAFM-1_25cm,Ni-RAFM-1_25cm,flux_wire,flux_wires,Ni-RAFM-1,phase2_whale_tube,fast,"Ni-58(n,p)Co-58",,second_irradiation,phase2_whale_tube,Co58,Ni-RAFM-1_25cm.txt,2025-08-27T08:58:42,2025-08-27T08:58:42,2025-08-27T09:58:00,schedule,sample_schedule.flux_wires,matched_known_offset,7200.0,1969080.0,1,45880.0,3848.0,qg_header,,,,,57349.59922761624,4809.9663868323305,Ni-RAFM-1_25cm,same_file_decay_correction,6122304.0,
Sc-Cd-RAFM-1_25cm,Sc-Cd-RAFM-1_25cm,flux_wire,flux_wires,Sc-Cd-RAFM-1,phase2_whale_tube,epithermal,"Sc-45(n,g)Sc-46 [Cd]",,second_irradiation,phase2_whale_tube,Sc46,Sc-Cd-RAFM-1_25cm.txt,2025-08-27T10:21:21,2025-08-27T10:21:21,2025-08-27T11:21:00,schedule,sample_schedule.flux_wires,matched_known_offset,7200.0,1974060.0,2,159063.0,11803.0,qg_header,,,,,192180.5717035046,14260.43321084391,Sc-Cd-RAFM-1_25cm,same_file_decay_correction,7241184.0,
Sc-RAFM-1_25cm,Sc-RAFM-1_25cm,flux_wire,flux_wires,Sc-RAFM-1,phase2_whale_tube,thermal,"Sc-45(n,g)Sc-46 [bare]",,second_irradiation,phase2_whale_tube,Sc46,Sc-RAFM-1_25cm.txt,2025-08-27T12:18:37,2025-08-27T12:18:37,2025-08-27T13:18:00,schedule,sample_schedule.flux_wires,matched_known_offset,7200.0,1981080.0,2,1607650.0,123617.0,qg_header,,,,,1943675.0130352848,149454.96475376035,Sc-RAFM-1_25cm,same_file_decay_correction,7241184.0,
Ti-RAFM-1_25cm,Ti-RAFM-1_25cm,flux_wire,flux_wires,Ti-RAFM-1,phase2_whale_tube,fast,"Ti-46,47,48(n,p)Sc-46,47,48",,second_irradiation,phase2_whale_tube,Sc46,Ti-RAFM-1_25cm.txt,2025-08-12T10:04:31,2025-08-12T10:04:31,2025-08-12T11:04:00,schedule,sample_schedule.flux_wires,matched_known_offset,7200.0,677040.0,2,473.6,43.660000000000004,qg_header,,,,,505.6579467299732,46.61534196416941,Ti-RAFM-1_25cm,same_file_decay_correction,7241184.0,
Ti-RAFM-1_25cm,Ti-RAFM-1_25cm,flux_wire,flux_wires,Ti-RAFM-1,phase2_whale_tube,fast,"Ti-46,47,48(n,p)Sc-46,47,48",,second_irradiation,phase2_whale_tube,Sc47,Ti-RAFM-1_25cm.txt,2025-08-12T10:04:31,2025-08-12T10:04:31,2025-08-12T11:04:00,schedule,sample_schedule.flux_wires,matched_known_offset,7200.0,677040.0,1,2271.8,66.97,qg_header,,,,,11700.379804504735,344.9134763217193,Ti-RAFM-1_25cm,same_file_decay_correction,289353.60000000003,
Ti-RAFM-1_25cm,Ti-RAFM-1_25cm,flux_wire,flux_wires,Ti-RAFM-1,phase2_whale_tube,fast,"Ti-46,47,48(n,p)Sc-46,47,48",,second_irradiation,phase2_whale_tube,Sc48,Ti-RAFM-1_25cm.txt,2025-08-12T10:04:31,2025-08-12T10:04:31,2025-08-12T11:04:00,schedule,sample_schedule.flux_wires,matched_known_offset,7200.0,677040.0,4,15688.0,1443.0,qg_header,,,,,319727.5402571441,29408.90110855806,Ti-RAFM-1_25cm,same_file_decay_correction,157320.0,
Ti-RAFM-1a_25cm,Ti-RAFM-1a_25cm,flux_wire,flux_wires,Ti-RAFM-1a,phase2_whale_tube,fast,"Ti-46,47,48(n,p)Sc-46,47,48",,second_irradiation,phase2_whale_tube,Sc46,Ti-RAFM-1a_25cm.txt,2025-08-12T14:07:29,2025-08-12T14:07:29,2025-08-12T15:07:00,schedule,sample_schedule.flux_wires,matched_known_offset,7200.0,691620.0,2,484.70000000000005,48.47,qg_header,,,,,518.2320657720082,51.823206577200814,Ti-RAFM-1a_25cm,same_file_decay_correction,7241184.0,
Ti-RAFM-1a_25cm,Ti-RAFM-1a_25cm,flux_wire,flux_wires,Ti-RAFM-1a,phase2_whale_tube,fast,"Ti-46,47,48(n,p)Sc-46,47,48",,second_irradiation,phase2_whale_tube,Sc47,Ti-RAFM-1a_25cm.txt,2025-08-12T14:07:29,2025-08-12T14:07:29,2025-08-12T15:07:00,schedule,sample_schedule.flux_wires,matched_known_offset,7200.0,691620.0,1,2282.9,67.34,qg_header,,,,,12175.452331849128,359.14624382439894,Ti-RAFM-1a_25cm,same_file_decay_correction,289353.60000000003,
Ti-RAFM-1a_25cm,Ti-RAFM-1a_25cm,flux_wire,flux_wires,Ti-RAFM-1a,phase2_whale_tube,fast,"Ti-46,47,48(n,p)Sc-46,47,48",,second_irradiation,phase2_whale_tube,Sc48,Ti-RAFM-1a_25cm.txt,2025-08-12T14:07:29,2025-08-12T14:07:29,2025-08-12T15:07:00,schedule,sample_schedule.flux_wires,matched_known_offset,7200.0,691620.0,4,15095.999999999998,1361.6,qg_header,,,,,328074.9066857636,29591.070014794364,Ti-RAFM-1a_25cm,same_file_decay_correction,157320.0,
Ti-RAFM-1b_25cm,Ti-RAFM-1b_25cm,flux_wire,flux_wires,Ti-RAFM-1b,phase2_whale_tube,fast,"Ti-46,47,48(n,p)Sc-46,47,48",,second_irradiation,phase2_whale_tube,Sc46,Ti-RAFM-1b_25cm.txt,2025-08-13T09:49:41,2025-08-13T09:49:41,2025-08-13T10:49:00,schedule,sample_schedule.flux_wires,matched_known_offset,7200.0,762540.0,2,466.2,41.44,qg_header,,,,,505.66092247463337,44.947637553300744,Ti-RAFM-1b_25cm,same_file_decay_correction,7241184.0,
Ti-RAFM-1b_25cm,Ti-RAFM-1b_25cm,flux_wire,flux_wires,Ti-RAFM-1b,phase2_whale_tube,fast,"Ti-46,47,48(n,p)Sc-46,47,48",,second_irradiation,phase2_whale_tube,Sc47,Ti-RAFM-1b_25cm.txt,2025-08-13T09:49:41,2025-08-13T09:49:41,2025-08-13T10:49:00,schedule,sample_schedule.flux_wires,matched_known_offset,7200.0,762540.0,1,1605.8,45.88,qg_header,,,,,12184.081921627994,348.11662633222846,Ti-RAFM-1b_25cm,same_file_decay_correction,289353.60000000003,
Ti-RAFM-1b_25cm,Ti-RAFM-1b_25cm,flux_wire,flux_wires,Ti-RAFM-1b,phase2_whale_tube,fast,"Ti-46,47,48(n,p)Sc-46,47,48",,second_irradiation,phase2_whale_tube,Sc48,Ti-RAFM-1b_25cm.txt,2025-08-13T09:49:41,2025-08-13T09:49:41,2025-08-13T10:49:00,schedule,sample_schedule.flux_wires,matched_known_offset,7200.0,762540.0,4,8658.0,732.6,qg_header,,,,,355971.64373120904,30120.677546486917,Ti-RAFM-1b_25cm,same_file_decay_correction,157320.0,
