sample_id,sample_group,isotope,reference_activity_bq,reference_activity_unc_bq,comparison_stage,matched,raw_activity_bq,raw_activity_unc_bq,relative_activity_error,activity_en_score
Co-Cd-RAFM-1_25cm,flux_wires,Co60,234.95,22.126,measurement_time,True,241.3144148918536,8.13496952467704,0.027088380046195418,0.26997502535829315
Co-RAFM-1_25cm,flux_wires,Co60,2035.0,178.71,measurement_time,True,2196.452037950984,13.80884629401035,0.07933761078672436,0.9007453627593777
CU-RAFM-1,flux_wires,Cu64,3172380.0,409923.0,measurement_time,True,3352196.0074170227,76214.55432331162,0.056681736556472656,0.4312673632116668
In-Cd-RAFM-1_25cm,flux_wires,In114m,219706.0,5957.0,measurement_time,True,325931.0366849003,20598.09751213093,0.48348719054054184,4.954020159439394
In-Cd-RAFM-1_25cm,flux_wires,In115m,11988.0,518.0,measurement_time,True,17896.76317597168,882.1879210352814,0.4928898211521254,5.775777653055298
Ni-RAFM-1_25cm,flux_wires,Co58,45880.0,3848.0,measurement_time,True,57069.051930812864,200.14533835298707,0.24387645882329695,2.9038325133903387
Sc-Cd-RAFM-1_25cm,flux_wires,Sc46,159063.0,11803.0,measurement_time,True,184436.1047073739,296.77412049714223,0.1595160704084161,2.149037349374487
Sc-RAFM-1_25cm,flux_wires,Sc46,1607650.0,123617.0,measurement_time,True,1826572.172860867,1158.2275332709926,0.13617527002821952,1.770893681349582
Ti-RAFM-1_25cm,flux_wires,Sc47,2271.8,66.97,measurement_time,True,3965.419783315279,122.50448838988831,0.7454968673806138,12.130648927831288
Ti-RAFM-1_25cm,flux_wires,Sc48,15688.0,1443.0,measurement_time,True,288.4078930795136,14.148770486698286,-0.9816160190540851,-10.671415038695265
Ti-RAFM-1_25cm,flux_wires,Sc46,473.6,43.660000000000004,measurement_time,True,472.6617609018184,17.487239628499733,-0.0019810791769037405,-0.019948996264009738
Ti-RAFM-1a_25cm,flux_wires,Sc47,2282.9,67.34,measurement_time,True,3922.1315209400254,121.43220620092363,0.7180478868719722,11.805425437982437
Ti-RAFM-1a_25cm,flux_wires,Sc48,15095.999999999998,1361.6,measurement_time,True,289.4608490318761,13.939442747387858,-0.980825327965562,-10.87379795453143
Ti-RAFM-1a_25cm,flux_wires,Sc46,484.70000000000005,48.47,measurement_time,True,493.85179150279276,16.15532464527902,0.018881352388679013,0.1791257243740536
Ti-RAFM-1b_25cm,flux_wires,Sc47,1605.8,45.88,measurement_time,True,2765.5898064284606,82.95210968200416,0.7222504710601947,12.234759313095815
Ti-RAFM-1b_25cm,flux_wires,Sc48,8658.0,732.6,measurement_time,True,151.46740011926795,6.782560025456156,-0.9825054977917222,-11.610931009309764
Ti-RAFM-1b_25cm,flux_wires,Sc46,466.2,41.44,measurement_time,True,488.9249017142751,7.592350510051462,0.04874496292208306,0.5394024836121044
RAFM3-B_24hrEOI,RAFM3,W187,19388.0,632.7,measurement_time,True,32051.346245912773,210.47216871617485,0.6531538191619958,18.99152901277662
RAFM3-B_24hrEOI,RAFM3,Cr51,969.4000000000001,506.90000000000003,measurement_time,True,2852.733068222163,544.7971773238156,1.9427822036539746,2.53086887576804
RAFM3-B_24hrEOI,RAFM3,Mn56,510.59999999999997,58.09,measurement_time,True,388.7507048303968,183.98102076506513,-0.2386394343313811,-0.631560017084666
RAFM3-B_2hrEOI,RAFM3,W187,35779.0,1757.5,measurement_time,True,65250.47826579051,1496.36447855216,0.8237088310402892,12.768014344811624
RAFM3-B_2hrEOI,RAFM3,Mn56,363784.0,24457.0,measurement_time,True,445049.44788790384,1111.2050395466078,0.223389285641765,3.3193645017331797
RAFM3-B_300sEOI,RAFM3,W187,36408.0,3922.0,measurement_time,True,92645.05527720925,5948.000295047762,1.544634565952792,7.893295815580754
RAFM3-B_300sEOI,RAFM3,Mn56,589114.0,40626.0,measurement_time,True,724770.7559079122,3104.92655410951,0.2302725039770098,3.329451358976327
RAFM3-B_300sEOI,RAFM3,V52,94864300.0,12739100.0,measurement_time,True,1023142.9646033478,4193.5866257457465,-0.9892146680616064,-7.366387888531643
RAFM3-B_4dEOI,RAFM3,W187,2553.0,135.42000000000002,measurement_time,True,4357.333298935245,110.56887262232378,0.7067502150157637,10.320750973157256
RAFM3-B_4dEOI,RAFM3,Cr51,1979.5,329.3,measurement_time,True,2737.2418231535326,372.5887041207919,0.38279455577344407,1.5238548269504013
RAFM3-B_4dEOI,RAFM3,Fe59,0.0,0.0,measurement_time,False,,,,
RAFM3-C_24hrEOI,RAFM3,W187,17649.0,558.7,measurement_time,True,29464.806440292814,200.43020636799523,0.6694887211905951,19.906549041254838
RAFM3-C_24hrEOI,RAFM3,Cr51,2057.2,506.90000000000003,measurement_time,True,3343.60067236579,539.6668377258198,0.6253162902808626,1.7374468719167915
RAFM3-C_24hrEOI,RAFM3,Mn56,365.56,44.769999999999996,measurement_time,True,415.9433652914835,40.18946399596664,0.1378251594580465,0.8374523914962652
RAFM3-C_2hrEOI,RAFM3,W187,36038.0,1672.3999999999999,measurement_time,True,58437.34529252454,1235.7266616490547,0.6215479575038719,10.771976257736933
RAFM3-C_2hrEOI,RAFM3,Mn56,260073.0,17242.0,measurement_time,True,313983.3096754645,921.8795112464528,0.20728914449198696,3.1222257861506737
RAFM3-C_300sEOI,RAFM3,W187,37074.0,3200.4999999999995,measurement_time,True,57286.958838729464,4351.288337889718,0.5452057732839581,3.7420556376406484
RAFM3-C_300sEOI,RAFM3,Mn56,481592.0,33189.0,measurement_time,True,615493.0174236257,2872.551918632548,0.2780382926286684,4.019472797022701
RAFM3-C_300sEOI,RAFM3,V52,104417700.0,14019300.0,measurement_time,True,1108089.0692533352,4438.1681983905455,-0.9893879192009273,-7.369098724893325
RAFM3-C_4dEOI,RAFM3,W187,2353.2000000000003,112.11,measurement_time,True,3957.8937282296156,110.75878156639315,0.6819198233170216,10.182394815977139
RAFM3-C_4dEOI,RAFM3,Cr51,2249.6,254.19,measurement_time,True,2649.441120110243,412.9694633385278,0.17773876249566284,0.8245350374500713
RAFM3-C_4dEOI,RAFM3,Fe59,0.0,0.0,measurement_time,False,,,,
RAFM3-N_24hrEOI,RAFM3,W187,20128.0,658.6,measurement_time,True,33440.500357523255,213.6329755235793,0.6613921083825146,19.22709997850001
RAFM3-N_24hrEOI,RAFM3,Cr51,2105.3,395.9,measurement_time,True,2725.1884482366795,566.0774314999372,0.2944418601798695,0.897371378463985
RAFM3-N_24hrEOI,RAFM3,Mn56,314.87,46.25,measurement_time,True,345.697130522036,48.06040000457171,0.09790431137306185,0.46217719191902557
RAFM3-N_2hrEOI,RAFM3,W187,40811.0,1768.6000000000001,measurement_time,True,69546.48718482106,1295.3872395144765,0.7041113225557095,13.107741059436227
RAFM3-N_2hrEOI,RAFM3,Mn56,297073.0,19795.0,measurement_time,True,362767.7354198772,992.8513088117518,0.2211400410669338,3.3145873783841044
RAFM3-N_300sEOI,RAFM3,W187,40330.0,3640.8,measurement_time,True,64555.15999329241,3762.9133151164115,0.6006734439199705,4.626717619281959
RAFM3-N_300sEOI,RAFM3,Mn56,595256.0,41107.0,measurement_time,True,733440.0313434559,2679.7351729554834,0.23214218981993612,3.3544493064333785
RAFM3-N_300sEOI,RAFM3,V52,31557300.0,4243900.0,measurement_time,True,341932.4424636271,2411.3053909956993,-0.9891647117318773,-7.3553482690228265
RAFM3-N_300sEOI,RAFM3,Al28,555888.0,133792.0,measurement_time,True,3342.493178921501,1110.4675684542706,-0.9939871103910832,-4.129742253506378
RAFM3-N_4dEOI,RAFM3,W187,2527.1,115.44,measurement_time,True,4496.303741528305,116.76491986243727,0.779234593616519,11.992981493907545
RAFM3-N_4dEOI,RAFM3,Cr51,1598.4,244.57000000000002,measurement_time,True,1912.3701100233818,427.4362170773673,0.19642774651112468,0.6375553930421102
RAFM3-N_4dEOI,RAFM3,Fe59,110.26,52.910000000000004,measurement_time,False,,,,
RAFM4-A_15dEOI,RAFM4,Ta182,736966.0,32893.0,measurement_time,True,935507.1048703982,1353.3560443745166,0.269403344076115,6.030865785581373
RAFM4-A_15dEOI,RAFM4,Fe59,334961.00000000006,27639.0,measurement_time,True,387908.0590663465,1241.7749616648016,0.15806932468659465,1.913734269968047
RAFM4-A_15dEOI,RAFM4,Cr51,6845000.0,268768.0,measurement_time,True,11456089.052098995,8511.779045100358,0.6736433969465296,17.147794420272884
RAFM4-A_15dEOI,RAFM4,W187,6734.0,821.4000000000001,measurement_time,True,8733.096567423852,1191.6595771442971,0.2968661371285792,1.3812351481478933
RAFM4-A_15dEOI,RAFM4,Mn54,20128.0,1813.0,measurement_time,True,28735.15841451444,653.1001536657448,0.4276211453951928,4.466502350621944
RAFM4-A_15dEOI,RAFM4,Co60,3811.0,381.1,measurement_time,True,4288.053866494383,204.76735338186572,0.12517813342807224,1.1026886917428744
RAFM4-B_15dEOI,RAFM4,Ta182,675879.0,30044.000000000004,measurement_time,True,850314.9308544649,1244.1033610195461,0.2580875139699042,5.80104403802322
RAFM4-B_15dEOI,RAFM4,Fe59,321863.0,26381.0,measurement_time,True,377358.6206035744,1176.3574274186574,0.17242000665989685,2.101532541331992
RAFM4-B_15dEOI,RAFM4,Cr51,6830200.0,268102.0,measurement_time,True,11345273.189570535,8338.45364568862,0.6610455315467387,16.832739063719764
RAFM4-B_15dEOI,RAFM4,W187,4181.0,695.6,measurement_time,True,8362.76753223958,1067.4497845697829,1.0001835762352502,3.2821571256280864
RAFM4-B_15dEOI,RAFM4,Mn54,18241.0,1650.2,measurement_time,True,23304.05072983568,617.466454541959,0.2775643182849448,2.8735694800964695
RAFM4-B_15dEOI,RAFM4,Co60,1949.8999999999999,249.01,measurement_time,True,1956.469502376439,192.49079184403203,0.0033691483544998372,0.020873063520702635
RAFM4-C_15dEOI,RAFM4,Ta182,633773.0,28046.0,measurement_time,True,798794.9110246173,1232.587464173562,0.2603801535007286,5.8782989376408255
RAFM4-C_15dEOI,RAFM4,Fe59,335294.0,27565.0,measurement_time,True,388670.1335245366,1176.2064031669263,0.15919203303529625,1.9346130018777048
RAFM4-C_15dEOI,RAFM4,Cr51,6745100.0,264846.0,measurement_time,True,11130152.98758014,8221.203289299894,0.6501094109175756,16.549020400995
RAFM4-C_15dEOI,RAFM4,W187,5106.0,688.1999999999999,measurement_time,True,7934.638857927324,1056.2457546577568,0.553983325093483,2.2437686109143677
RAFM4-C_15dEOI,RAFM4,Mn54,18130.0,1639.1,measurement_time,True,22383.578096063768,608.6938308026101,0.23461544931405226,2.43273912829791
RAFM4-C_15dEOI,RAFM4,Co60,2449.3999999999996,292.3,measurement_time,True,2350.8816024750504,174.64298160368006,-0.04022144097532019,-0.28933548527711245
RAFM4-N_15dEOI,RAFM4,Ta182,456136.0,21608.0,measurement_time,True,565857.3031840657,1009.9961249536876,0.2405451514111268,5.072271384048314
RAFM4-N_15dEOI,RAFM4,Fe59,339882.0,27972.0,measurement_time,True,395375.4515851639,1067.335245824958,0.16327269930494667,1.9824502015557104
RAFM4-N_15dEOI,RAFM4,Tb154m,332334.0,13098.0,measurement_time,True,112035.24476126904,29198.021005782153,-0.662883590721175,-6.884060358925022
RAFM4-N_15dEOI,RAFM4,Cr51,6671100.0,261849.0,measurement_time,True,10856536.59096174,7904.859686938967,0.6273982687955119,15.976882436344432
RAFM4-N_15dEOI,RAFM4,W187,6400.999999999999,666.0,measurement_time,True,9170.233664187328,1198.603464443,0.4326251623476534,2.019560438997554
RAFM4-N_15dEOI,RAFM4,Mn54,20128.0,1790.8,measurement_time,True,28433.280273990087,502.85059423938606,0.41262322505912596,4.46506031317229
RAFM4-N_15dEOI,RAFM4,Co60,1383.8000000000002,208.30999999999997,measurement_time,True,1356.0845596656347,143.68434855692652,-0.02002850147012967,-0.1095221754540696
