sample,group,passed,comparison_basis,peaks,ambiguous,energy_mismatch_withheld,unidentified,missing_report_peaks,count_failures,activity_failures,failed_fit_windows,categories
Co-Cd-RAFM-1_25cm,flux_wires,True,raw_estimate_vs_report,2,0,0,0,0,0,0,0,no_flagged_discrepancy
Co-RAFM-1_25cm,flux_wires,True,raw_estimate_vs_report,2,0,0,0,0,0,0,0,activity_conversion_or_efficiency_limited
CU-RAFM-1,flux_wires,True,raw_estimate_vs_report,1,0,0,0,0,0,0,0,no_flagged_discrepancy
In-Cd-RAFM-1_25cm,flux_wires,False,raw_estimate_vs_report,4,0,0,0,0,0,2,0,activity_conversion_or_efficiency_limited
Ni-RAFM-1_25cm,flux_wires,False,raw_estimate_vs_report,4,0,0,0,0,0,1,0,activity_conversion_or_efficiency_limited
Sc-Cd-RAFM-1_25cm,flux_wires,True,raw_estimate_vs_report,2,0,0,0,0,0,0,0,activity_conversion_or_efficiency_limited
Sc-RAFM-1_25cm,flux_wires,False,raw_estimate_vs_report,2,0,0,0,0,2,0,0,activity_conversion_or_efficiency_limited;peak_area_limited
Ti-RAFM-1_25cm,flux_wires,False,raw_estimate_vs_report,8,0,0,0,0,0,2,0,activity_conversion_or_efficiency_limited;export_data_limited
Ti-RAFM-1a_25cm,flux_wires,False,raw_estimate_vs_report,8,0,0,0,0,1,2,0,activity_conversion_or_efficiency_limited;export_data_limited;peak_area_limited
Ti-RAFM-1b_25cm,flux_wires,False,raw_estimate_vs_report,8,0,0,0,0,1,2,0,activity_conversion_or_efficiency_limited;export_data_limited;peak_area_limited
RAFM1,RAFM1,,not_evaluated,17,1,1,1,0,0,0,0,activity_evidence_incomplete
RAFM1_Long_144h_EOI,RAFM1,False,not_evaluated,31,9,7,3,0,0,0,1,activity_evidence_incomplete;library_or_assignment_limited
RAFM1_Long_72h_EOI,RAFM1,,not_evaluated,60,32,27,5,0,0,0,9,activity_evidence_incomplete;library_or_assignment_limited
RAFM3-B_24hrEOI,RAFM3,False,raw_estimate_vs_report,47,22,12,7,0,9,3,3,activity_conversion_or_efficiency_limited;export_data_limited;library_or_assignment_limited;peak_area_limited
RAFM3-B_2hrEOI,RAFM3,False,raw_estimate_vs_report,22,4,4,2,0,6,2,0,activity_conversion_or_efficiency_limited;export_data_limited;peak_area_limited
RAFM3-B_300sEOI,RAFM3,False,raw_estimate_vs_report,24,4,3,0,1,6,3,1,activity_conversion_or_efficiency_limited;activity_evidence_incomplete;export_data_limited;library_or_assignment_limited;peak_area_limited
RAFM3-B_4dEOI,RAFM3,False,raw_estimate_vs_report,39,3,2,10,1,5,2,0,activity_conversion_or_efficiency_limited;activity_evidence_incomplete;peak_area_limited
RAFM3-C_24hrEOI,RAFM3,False,raw_estimate_vs_report,32,4,3,5,0,6,2,0,activity_conversion_or_efficiency_limited;library_or_assignment_limited;peak_area_limited
RAFM3-C_2hrEOI,RAFM3,False,raw_estimate_vs_report,25,3,2,3,0,4,2,0,activity_conversion_or_efficiency_limited;peak_area_limited
RAFM3-C_300sEOI,RAFM3,False,raw_estimate_vs_report,23,5,4,0,2,7,3,1,activity_conversion_or_efficiency_limited;activity_evidence_incomplete;export_data_limited;library_or_assignment_limited;peak_area_limited
RAFM3-C_4dEOI,RAFM3,False,raw_estimate_vs_report,27,2,2,7,1,4,1,1,activity_conversion_or_efficiency_limited;activity_evidence_incomplete;export_data_limited;library_or_assignment_limited;peak_area_limited
RAFM3-N_24hrEOI,RAFM3,False,raw_estimate_vs_report,34,5,3,6,1,6,2,1,activity_conversion_or_efficiency_limited;activity_evidence_incomplete;library_or_assignment_limited;peak_area_limited
RAFM3-N_2hrEOI,RAFM3,False,raw_estimate_vs_report,21,3,3,3,0,5,2,0,activity_conversion_or_efficiency_limited;export_data_limited;library_or_assignment_limited;peak_area_limited
RAFM3-N_300sEOI,RAFM3,False,raw_estimate_vs_report,24,4,4,1,1,8,4,0,activity_conversion_or_efficiency_limited;activity_evidence_incomplete;export_data_limited;peak_area_limited
RAFM3-N_4dEOI,RAFM3,False,raw_estimate_vs_report,33,2,2,11,1,6,1,1,activity_conversion_or_efficiency_limited;activity_evidence_incomplete;export_data_limited;library_or_assignment_limited;peak_area_limited
RAFM4-A_15dEOI,RAFM4,False,raw_estimate_vs_report,39,6,3,2,1,15,4,1,activity_conversion_or_efficiency_limited;activity_evidence_incomplete;export_data_limited;library_or_assignment_limited;peak_area_limited
RAFM4-B_15dEOI,RAFM4,False,raw_estimate_vs_report,44,7,3,1,0,19,4,0,activity_conversion_or_efficiency_limited;export_data_limited;library_or_assignment_limited;peak_area_limited
RAFM4-C_15dEOI,RAFM4,False,raw_estimate_vs_report,41,6,3,3,0,18,4,2,activity_conversion_or_efficiency_limited;export_data_limited;library_or_assignment_limited;peak_area_limited
RAFM4-N_15dEOI,RAFM4,False,raw_estimate_vs_report,48,8,4,3,0,20,5,0,activity_conversion_or_efficiency_limited;export_data_limited;library_or_assignment_limited;peak_area_limited
