sample_id,sample_group,isotope,reference_activity_bq,reference_activity_unc_bq,matched,raw_activity_bq,raw_activity_unc_bq,relative_activity_error,activity_en_score,decay_label,decay_time_s
RAFM3-B_24hrEOI,RAFM3,W187,19388.0,632.7,True,19388.0,632.7,0.0,0.0,24h,94803.0
RAFM3-B_24hrEOI,RAFM3,Cr51,969.4000000000001,506.90000000000003,True,969.4000000000001,506.9000000000001,0.0,0.0,24h,94803.0
RAFM3-B_24hrEOI,RAFM3,Mn56,510.59999999999997,58.09,True,510.59999999999997,58.089999999999996,0.0,0.0,24h,94803.0
RAFM3-B_2hrEOI,RAFM3,W187,35779.0,1757.5,True,35779.0,1757.5,0.0,0.0,2h,7222.0
RAFM3-B_2hrEOI,RAFM3,Mn56,363784.0,24457.0,True,363784.0,24456.999999999996,0.0,0.0,2h,7222.0
RAFM3-B_300sEOI,RAFM3,W187,36408.0,3922.0,True,36408.0,3922.0,0.0,0.0,300s,360.0
RAFM3-B_300sEOI,RAFM3,Mn56,589114.0,40626.0,True,589114.0,40626.0,0.0,0.0,300s,360.0
RAFM3-B_300sEOI,RAFM3,V52,94864300.0,12739100.0,True,94864300.0,12739100.0,0.0,0.0,300s,360.0
RAFM3-B_4dEOI,RAFM3,W187,2553.0,135.42000000000002,True,2553.0,135.42,0.0,0.0,4d,344033.0
RAFM3-B_4dEOI,RAFM3,Cr51,1979.5,329.3,True,1979.5,329.3,0.0,0.0,4d,344033.0
RAFM3-B_4dEOI,RAFM3,Fe59,0.0,0.0,True,0.0,0.0,,,4d,344033.0
RAFM3-C_24hrEOI,RAFM3,W187,17649.0,558.7,True,17649.0,558.7,0.0,0.0,24h,97565.0
RAFM3-C_24hrEOI,RAFM3,Cr51,2057.2,506.90000000000003,True,2057.2,506.9,0.0,0.0,24h,97565.0
RAFM3-C_24hrEOI,RAFM3,Mn56,365.56,44.769999999999996,True,365.56,44.769999999999996,0.0,0.0,24h,97565.0
RAFM3-C_2hrEOI,RAFM3,W187,36038.0,1672.3999999999999,True,36038.0,1672.3999999999999,0.0,0.0,2h,9645.0
RAFM3-C_2hrEOI,RAFM3,Mn56,260073.0,17242.0,True,260073.0,17242.0,0.0,0.0,2h,9645.0
RAFM3-C_300sEOI,RAFM3,W187,37074.0,3200.4999999999995,True,37074.0,3200.4999999999995,0.0,0.0,300s,360.0
RAFM3-C_300sEOI,RAFM3,Mn56,481592.0,33189.0,True,481592.0,33189.0,0.0,0.0,300s,360.0
RAFM3-C_300sEOI,RAFM3,V52,104417700.0,14019300.0,True,104417700.0,14019300.0,0.0,0.0,300s,360.0
RAFM3-C_4dEOI,RAFM3,W187,2353.2000000000003,112.11,True,2353.2000000000003,112.11,0.0,0.0,4d,346788.0
RAFM3-C_4dEOI,RAFM3,Cr51,2249.6,254.19,True,2249.6,254.19,0.0,0.0,4d,346788.0
RAFM3-C_4dEOI,RAFM3,Fe59,0.0,0.0,True,0.0,0.0,,,4d,346788.0
RAFM3-N_24hrEOI,RAFM3,W187,20128.0,658.6,True,20128.0,658.5999999999999,0.0,0.0,24h,100557.0
RAFM3-N_24hrEOI,RAFM3,Cr51,2105.3,395.9,True,2105.3,395.90000000000003,0.0,0.0,24h,100557.0
RAFM3-N_24hrEOI,RAFM3,Mn56,314.87,46.25,True,314.87,46.25,0.0,0.0,24h,100557.0
RAFM3-N_2hrEOI,RAFM3,W187,40811.0,1768.6000000000001,True,40811.0,1768.6,0.0,0.0,2h,9996.0
RAFM3-N_2hrEOI,RAFM3,Mn56,297073.0,19795.0,True,297073.0,19795.0,0.0,0.0,2h,9996.0
RAFM3-N_300sEOI,RAFM3,W187,40330.0,3640.8,True,40330.0,3640.8,0.0,0.0,300s,360.0
RAFM3-N_300sEOI,RAFM3,Mn56,595256.0,41107.0,True,595256.0,41106.99999999999,0.0,0.0,300s,360.0
RAFM3-N_300sEOI,RAFM3,V52,31557300.0,4243900.0,True,31557300.0,4243900.0,0.0,0.0,300s,360.0
RAFM3-N_300sEOI,RAFM3,Al28,555888.0,133792.0,True,555888.0,133792.00000000003,0.0,0.0,300s,360.0
RAFM3-N_4dEOI,RAFM3,W187,2527.1,115.44,True,2527.1,115.44,0.0,0.0,4d,349778.0
RAFM3-N_4dEOI,RAFM3,Cr51,1598.4,244.57000000000002,True,1598.4,244.57000000000002,0.0,0.0,4d,349778.0
RAFM3-N_4dEOI,RAFM3,Fe59,110.26,52.910000000000004,True,110.26,52.910000000000004,0.0,0.0,4d,349778.0
RAFM4-A_15dEOI,RAFM4,Ta182,736966.0,32893.0,True,736966.0,32893.0,0.0,0.0,15d,1377400.0
RAFM4-A_15dEOI,RAFM4,Fe59,334961.00000000006,27639.0,True,334961.00000000006,27639.0,0.0,0.0,15d,1377400.0
RAFM4-A_15dEOI,RAFM4,Cr51,6845000.0,268768.0,True,6845000.0,268768.0,0.0,0.0,15d,1377400.0
RAFM4-A_15dEOI,RAFM4,W187,6734.0,821.4000000000001,True,6734.0,821.4000000000001,0.0,0.0,15d,1377400.0
RAFM4-A_15dEOI,RAFM4,Mn54,20128.0,1813.0,True,20128.0,1813.0,0.0,0.0,15d,1377400.0
RAFM4-A_15dEOI,RAFM4,Co60,3811.0,381.1,True,3811.0,381.1,0.0,0.0,15d,1377400.0
RAFM4-B_15dEOI,RAFM4,Ta182,675879.0,30044.000000000004,True,675879.0,30044.000000000004,0.0,0.0,15d,1381531.0
RAFM4-B_15dEOI,RAFM4,Fe59,321863.0,26381.0,True,321863.0,26381.0,0.0,0.0,15d,1381531.0
RAFM4-B_15dEOI,RAFM4,Cr51,6830200.0,268102.0,True,6830200.0,268102.00000000006,0.0,0.0,15d,1381531.0
RAFM4-B_15dEOI,RAFM4,W187,4181.0,695.6,True,4181.0,695.6,0.0,0.0,15d,1381531.0
RAFM4-B_15dEOI,RAFM4,Mn54,18241.0,1650.2,True,18241.0,1650.2,0.0,0.0,15d,1381531.0
RAFM4-B_15dEOI,RAFM4,Co60,1949.8999999999999,249.01,True,1949.8999999999999,249.01,0.0,0.0,15d,1381531.0
RAFM4-C_15dEOI,RAFM4,Ta182,633773.0,28046.0,True,633773.0,28045.999999999996,0.0,0.0,15d,1385628.0
RAFM4-C_15dEOI,RAFM4,Fe59,335294.0,27565.0,True,335294.0,27565.0,0.0,0.0,15d,1385628.0
RAFM4-C_15dEOI,RAFM4,Cr51,6745100.0,264846.0,True,6745100.0,264846.0,0.0,0.0,15d,1385628.0
RAFM4-C_15dEOI,RAFM4,W187,5106.0,688.1999999999999,True,5106.0,688.1999999999998,0.0,0.0,15d,1385628.0
RAFM4-C_15dEOI,RAFM4,Mn54,18130.0,1639.1,True,18130.0,1639.1000000000001,0.0,0.0,15d,1385628.0
RAFM4-C_15dEOI,RAFM4,Co60,2449.3999999999996,292.3,True,2449.3999999999996,292.3,0.0,0.0,15d,1385628.0
RAFM4-N_15dEOI,RAFM4,Ta182,456136.0,21608.0,True,456136.0,21608.0,0.0,0.0,15d,1389711.0
RAFM4-N_15dEOI,RAFM4,Fe59,339882.0,27972.0,True,339882.0,27972.0,0.0,0.0,15d,1389711.0
RAFM4-N_15dEOI,RAFM4,Tb154m,332334.0,13098.0,True,332334.0,13098.0,0.0,0.0,15d,1389711.0
RAFM4-N_15dEOI,RAFM4,Cr51,6671100.0,261849.0,True,6671100.0,261849.0,0.0,0.0,15d,1389711.0
RAFM4-N_15dEOI,RAFM4,W187,6400.999999999999,666.0,True,6400.999999999999,665.9999999999999,0.0,0.0,15d,1389711.0
RAFM4-N_15dEOI,RAFM4,Mn54,20128.0,1790.8,True,20128.0,1790.7999999999997,0.0,0.0,15d,1389711.0
RAFM4-N_15dEOI,RAFM4,Co60,1383.8000000000002,208.30999999999997,True,1383.8000000000002,208.31,0.0,0.0,15d,1389711.0
CU-RAFM-1,flux_wires,Cu64,3172380.0,409923.0,True,3172380.0,409923.00000000006,0.0,0.0,,247200.0
Co-Cd-RAFM-1_25cm,flux_wires,Co60,234.95,22.126,True,234.95,22.125999999999998,0.0,0.0,,2066100.0
Co-RAFM-1_25cm,flux_wires,Co60,2035.0,178.71,True,2035.0,178.71,0.0,0.0,,1989660.0
In-Cd-RAFM-1_25cm,flux_wires,In114m,219706.0,5957.0,True,219706.0,5957.000000000001,0.0,0.0,,236400.0
In-Cd-RAFM-1_25cm,flux_wires,In115m,11988.0,518.0,True,11988.0,518.0,0.0,0.0,,236400.0
Ni-RAFM-1_25cm,flux_wires,Co58,45880.0,3848.0,True,45880.0,3847.9999999999995,0.0,0.0,,1969080.0
Sc-Cd-RAFM-1_25cm,flux_wires,Sc46,159063.0,11803.0,True,159063.0,11802.999999999998,0.0,0.0,,1974060.0
Sc-RAFM-1_25cm,flux_wires,Sc46,1607650.0,123617.0,True,1607650.0,123617.0,0.0,0.0,,1981080.0
Ti-RAFM-1_25cm,flux_wires,Sc47,2271.8,66.97,True,2271.8,66.97,0.0,0.0,,677040.0
Ti-RAFM-1_25cm,flux_wires,Sc48,15688.0,1443.0,True,15688.0,1443.0000000000002,0.0,0.0,,677040.0
Ti-RAFM-1_25cm,flux_wires,Sc46,473.6,43.660000000000004,True,473.6,43.660000000000004,0.0,0.0,,677040.0
Ti-RAFM-1a_25cm,flux_wires,Sc47,2282.9,67.34,True,2282.9,67.34,0.0,0.0,,691620.0
Ti-RAFM-1a_25cm,flux_wires,Sc48,15095.999999999998,1361.6,True,15095.999999999998,1361.6,0.0,0.0,,691620.0
Ti-RAFM-1a_25cm,flux_wires,Sc46,484.70000000000005,48.47,True,484.70000000000005,48.47,0.0,0.0,,691620.0
Ti-RAFM-1b_25cm,flux_wires,Sc47,1605.8,45.88,True,1605.8,45.879999999999995,0.0,0.0,,762540.0
Ti-RAFM-1b_25cm,flux_wires,Sc48,8658.0,732.6,True,8658.0,732.6,0.0,0.0,,762540.0
Ti-RAFM-1b_25cm,flux_wires,Sc46,466.2,41.44,True,466.2,41.43999999999999,0.0,0.0,,762540.0
