sample_id,sample_group,isotope,energy_keV,significance,activity_stage,line_activity_mean_bq,line_activity_median_bq,line_activity_variance_bq2,line_activity_std_bq,line_activity_bq,line_activity_unc_bq,single_peak_activity_bq,consensus_activity_bq,consensus_activity_unc_bq,relative_deviation_from_consensus,single_peak_relative_delta_vs_all,single_peak_z_score_vs_all,line_consistency_en_score,leave_one_out_consensus_activity_bq,leave_one_out_consensus_unc_bq,all_vs_leave_one_out_relative_delta,single_vs_leave_one_out_relative_delta,modified_z_score,n_lines_used,max_relative_deviation_for_isotope,weighted_relative_scatter,flag_line_inconsistency,flag_isotope_scatter,flag_single_peak_vs_all_drift,flag_line_outlier
RAFM3-A_300sEOI,RAFM3,Mn56,1810.2377359375,121.0172087002235,eoi,489530.2905348664,519530.6181932041,11776224622.775639,108518.31468823887,616564.1666101882,5094.847032354742,616564.1666101882,572417.2331573501,3828.2838899303165,0.07712369735853616,0.07712369735853616,6.927344878665412,6.927344878665412,515168.6552901029,5801.806358804087,-0.10001197474694185,0.19682003219506292,0.6745,5,0.4000159662144569,0.09370274246441185,False,True,False,False
RAFM3-A_300sEOI,RAFM3,Mn56,2112.81461359,85.4512628115019,eoi,489530.2905348664,519530.6181932041,11776224622.775639,108518.31468823887,519530.6181932041,6079.84716784401,519530.6181932041,572417.2331573501,3828.2838899303165,0.09239172390466474,0.09239172390466474,-7.360977872830819,-7.360977872830819,607161.0992798507,4927.8655302683155,0.06069675074396298,-0.14432822061654554,0.0,5,0.4000159662144569,0.09370274246441185,False,True,False,False
RAFM3-A_300sEOI,RAFM3,Mn56,2522.337869993783,7.3450739740000275,eoi,489530.2905348664,519530.6181932041,11776224622.775639,108518.31468823887,343441.20055810665,46758.03154247515,343441.20055810665,572417.2331573501,3828.2838899303165,0.4000159662144569,0.4000159662144569,-4.880710369800489,-4.880710369800489,573962.5121991894,3841.1800421431503,0.0026995676445934684,-0.40163130298844685,-1.2240334825690464,5,0.4000159662144569,0.09370274246441185,True,True,False,True
RAFM3-A_300sEOI,RAFM3,Mn56,2657.0764634204,19.966553708471842,eoi,489530.2905348664,519530.6181932041,11776224622.775639,108518.31468823887,549880.804053357,27540.09590648794,549880.804053357,572417.2331573501,3828.2838899303165,0.03937063351444931,0.03937063351444931,-0.8105199636662539,-0.8105199636662539,572861.2879318167,3865.8159063212665,0.0007757536788632775,-0.04011526762687245,0.210970336513943,5,0.4000159662144569,0.09370274246441185,False,True,False,False
RAFM3-A_300sEOI,RAFM3,Mn56,2959.2904026364,12.4011922794614,eoi,489530.2905348664,519530.6181932041,11776224622.775639,108518.31468823887,418234.66325947596,33725.35912955302,418234.66325947596,572417.2331573501,3828.2838899303165,0.2693534732478806,0.2693534732478806,-4.542537899116393,-4.542537899116393,574429.8577438204,3853.1891599146834,0.003516009773795654,-0.27191343273455526,-0.7041288576729061,5,0.4000159662144569,0.09370274246441185,True,True,False,True
RAFM3-A_300sEOI,RAFM3,Tb154m,490.7028618452718,2.3593156297915177,eoi,1303059.1610151655,832561.494099899,2181561831868.0222,1477011.114334629,877891.7629007801,372095.9382523803,877891.7629007801,172266.31247274083,40908.53059632336,4.096131392721931,4.096131392721931,1.8849958031389993,1.8849958031389993,163633.0801048247,41158.024965449404,-0.050115616013329534,4.365001760881084,0.07781277598337437,4,19.056674776998175,2.6912108631109373,True,True,False,True
RAFM3-A_300sEOI,RAFM3,Tb154m,922.79564975,11.443863519991138,eoi,1303059.1610151655,832561.494099899,2181561831868.0222,1477011.114334629,3455089.4042985067,301916.34130054555,3455089.4042985067,172266.31247274083,40908.53059632336,19.056674776998175,19.056674776998175,10.774828272101908,10.774828272101908,110868.9925685742,41289.30636673583,-0.3564093235807903,30.16371245243777,4.501764101219374,4,19.056674776998175,2.6912108631109373,True,True,True,True
RAFM3-A_300sEOI,RAFM3,Tb154m,1389.1559691182733,2.189538579862733,eoi,1303059.1610151655,832561.494099899,2181561831868.0222,1477011.114334629,787231.225299018,359542.0663235681,787231.225299018,172266.31247274083,40908.53059632336,3.5698501001093192,3.5698501001093192,1.6994466168503088,1.6994466168503088,164200.69408954823,41175.926139675554,-0.04682063641705278,3.794323371554659,-0.07781277598337416,4,19.056674776998175,2.6912108631109373,True,True,False,True
RAFM3-A_300sEOI,RAFM3,Tb154m,2282.5632510604705,2.200165844043944,eoi,1303059.1610151655,832561.494099899,2181561831868.0222,1477011.114334629,92024.25156235724,41826.05225486776,92024.25156235724,172266.31247274083,40908.53059632336,0.46580239489993713,0.46580239489993713,-1.3715236036830947,-1.3715236036830947,1941260.592441353,196385.33450739208,10.268950757557635,-0.9525956216694089,-1.2711872240166258,4,19.056674776998175,2.6912108631109373,True,True,True,True
RAFM3-A_300sEOI,RAFM3,W187,133.70252789110003,81.86104109605196,eoi,961796.5248017822,375042.6574061941,1961804659633.1553,1400644.3730059231,671665.2893922256,8204.944383789654,671665.2893922256,128098.49455533673,2369.3225651968796,4.243350374442345,4.243350374442345,63.648110504485665,63.648110504485665,78648.76841903968,2474.748829449407,-0.38602894052697445,7.540061121028636,0.672619853979625,4,22.578255490218663,1.3417571141250348,True,True,True,True
RAFM3-A_300sEOI,RAFM3,W187,479.4830264599,20.97382034582459,eoi,961796.5248017822,375042.6574061941,1961804659633.1553,1400644.3730059231,76761.75185662741,3659.8841122384715,76761.75185662741,128098.49455533673,2369.3225651968796,0.40075992209676264,0.40075992209676264,-11.774841185926817,-11.774841185926817,165135.66483330095,3108.651792462737,0.28913041020919017,-0.5351594585329833,-0.6763801460203748,4,22.578255490218663,1.3417571141250348,True,True,True,True
RAFM3-A_300sEOI,RAFM3,W187,510.9662345596,22.35399970284271,eoi,961796.5248017822,375042.6574061941,1961804659633.1553,1400644.3730059231,3020339.0325381136,135114.03206084965,3020339.0325381136,128098.49455533673,2369.3225651968796,22.578255490218663,22.578255490218663,21.402632369217024,21.402632369217024,127208.85220597323,2369.686934549788,-0.006944986765470386,22.7431513621997,5.998459556713301,4,22.578255490218663,1.3417571141250348,True,True,False,True
RAFM3-A_300sEOI,RAFM3,W187,685.3828609375,23.33847733320673,eoi,961796.5248017822,375042.6574061941,1961804659633.1553,1400644.3730059231,78420.02542016256,3360.117470413722,78420.02542016256,128098.49455533673,2369.3225651968796,0.3878146211446206,0.3878146211446206,-12.082935291613747,-12.082935291613747,177225.53960441897,3341.417014602333,0.3835099328810617,-0.5575128415734996,-0.6726198539796252,4,22.578255490218663,1.3417571141250348,True,True,True,True
